Customer_ID,Customer_Type,Region,Monthly_Quantity,Purchase_Frequency,Average_Order,Payment_Delay_Days,Credit_Limit,Relationship_Years,Previous_Month_Sales,Current_Month_Sales,Growth_Percentage,Complaint_Count,Customer_Category
C0001,Dealer,Trichy,278,7,42,14,395081,1,25000,22945,-8.22,3,Low Value
C0002,Retailer,Chennai,286,4,92,4,382898,4,25000,23578,-5.69,1,Low Value
C0003,Contractor,Dindigul,397,3,118,3,454918,1,39004,40724,4.41,3,Low Value
C0004,Contractor,Tirunelveli,551,8,69,10,480199,1,43263,47447,9.67,1,Regular
C0005,Dealer,Tirunelveli,744,3,253,3,810289,3,143057,162785,13.79,2,Regular
C0006,Dealer,Salem,289,3,97,22,432516,7,29836,27351,-8.33,0,Low Value
C0007,Dealer,Salem,1023,13,78,5,1182431,4,70103,85378,21.79,1,High Value
C0008,Retailer,Dindigul,388,6,54,14,590389,1,25000,25858,3.43,4,Low Value
C0009,Contractor,Trichy,445,3,150,3,561736,4,74568,72517,-2.75,2,Low Value
C0010,Contractor,Chennai,298,4,68,19,327096,4,25000,23278,-6.89,2,Low Value
C0011,Dealer,Trichy,119,1,101,8,179650,4,25000,25355,1.42,4,Low Value
C0012,Retailer,Erode,732,9,91,5,816135,9,57261,63491,10.88,1,High Value
C0013,Retailer,Erode,675,6,120,6,733674,8,62862,76591,21.84,3,Regular
C0014,Dealer,Madurai,385,4,97,4,570036,5,28754,30793,7.09,4,Low Value
C0015,Dealer,Salem,467,4,119,7,597190,15,44248,46443,4.96,3,Low Value
C0016,Dealer,Erode,598,8,83,3,928581,3,38642,41629,7.73,0,Regular
C0017,Dealer,Trichy,191,4,50,5,550126,4,25000,24798,-0.81,1,Low Value
C0018,Contractor,Chennai,336,3,119,14,406158,5,37754,36093,-4.4,2,Low Value
C0019,Contractor,Erode,697,8,85,9,303051,1,52560,53522,1.83,0,Low Value
C0020,Dealer,Madurai,226,1,236,3,427520,5,48928,51443,5.14,2,Low Value
C0021,Contractor,Salem,529,6,91,7,531805,1,53992,59802,10.76,1,Regular
C0022,Dealer,Trichy,213,2,108,17,183872,3,25633,25877,0.95,3,Low Value
C0023,Dealer,Erode,582,12,38,5,665887,5,25000,29598,18.39,3,High Value
C0024,Dealer,Erode,441,3,149,3,432253,2,72534,72657,0.17,1,Low Value
C0025,Contractor,Erode,185,5,30,11,365722,6,25000,27487,9.95,1,Low Value
C0026,Retailer,Chennai,854,12,66,1,757768,3,50865,54700,7.54,1,High Value
C0027,Dealer,Dindigul,300,4,68,6,248674,4,25000,23475,-6.1,4,Low Value
C0028,Contractor,Dindigul,288,7,33,18,444979,7,25000,21822,-12.71,4,Low Value
C0029,Contractor,Coimbatore,502,7,89,7,660453,5,42117,43178,2.52,2,Low Value
C0030,Dealer,Dindigul,846,11,88,15,1003085,6,67767,73642,8.67,3,Regular
C0031,Contractor,Madurai,257,3,101,3,235006,6,29707,31177,4.95,6,Low Value
C0032,Dealer,Chennai,466,8,48,6,449708,4,25000,26595,6.38,4,Regular
C0033,Dealer,Trichy,570,9,64,6,606704,6,33707,33485,-0.66,2,Low Value
C0034,Retailer,Madurai,659,7,84,11,747935,3,57621,60485,4.97,1,Low Value
C0035,Retailer,Madurai,496,3,160,8,710857,7,68077,70412,3.43,2,Low Value
C0036,Retailer,Salem,368,4,85,19,190108,4,25000,21932,-12.27,2,Low Value
C0037,Dealer,Coimbatore,285,2,152,5,314763,10,38597,37080,-3.93,1,Low Value
C0038,Dealer,Salem,472,5,91,8,376279,5,39137,38902,-0.6,0,Low Value
C0039,Contractor,Madurai,250,5,59,6,149231,3,25000,27390,9.56,0,Low Value
C0040,Contractor,Coimbatore,90,1,95,8,279535,7,25000,24588,-1.65,1,Low Value
C0041,Dealer,Chennai,572,7,100,7,710555,11,51118,58244,13.94,2,Regular
C0042,Contractor,Tirunelveli,740,9,70,4,865932,3,50876,51018,0.28,3,Regular
C0043,Dealer,Coimbatore,123,3,51,13,326073,3,25000,25950,3.8,0,Low Value
C0044,Retailer,Salem,258,1,267,5,248734,1,56486,61169,8.29,0,Low Value
C0045,Dealer,Dindigul,633,6,98,4,633133,5,68602,65247,-4.89,4,Regular
C0046,Contractor,Salem,1395,17,90,2,1727038,4,124731,151049,21.1,5,High Value
C0047,Dealer,Trichy,455,8,60,5,528161,7,30852,33669,9.13,2,Regular
C0048,Contractor,Madurai,302,3,99,5,455916,7,34368,36695,6.77,1,Low Value
C0049,Contractor,Dindigul,407,1,300,1,433716,2,109737,108431,-1.19,1,Low Value
C0050,Dealer,Madurai,959,13,68,7,824359,8,56703,65044,14.71,2,High Value
C0051,Retailer,Dindigul,315,2,174,19,121395,3,59926,56600,-5.55,2,Low Value
C0052,Retailer,Chennai,290,1,290,2,264022,3,96668,98514,1.91,1,Low Value
C0053,Retailer,Erode,345,3,121,8,530982,6,41822,46301,10.71,0,Low Value
C0054,Retailer,Tirunelveli,266,3,82,6,431695,2,25000,23532,-5.87,0,Low Value
C0055,Contractor,Erode,481,4,114,12,641539,3,58272,64437,10.58,3,Low Value
C0056,Retailer,Coimbatore,1100,9,131,13,999554,2,128557,143123,11.33,3,Regular
C0057,Dealer,Tirunelveli,538,8,56,28,822205,9,29517,28965,-1.87,2,Low Value
C0058,Dealer,Coimbatore,392,7,53,9,376413,4,25000,27055,8.22,1,Low Value
C0059,Dealer,Chennai,383,6,64,4,498089,2,25131,27378,8.94,0,Regular
C0060,Dealer,Salem,190,1,191,5,247258,2,27525,28620,3.98,1,Low Value
C0061,Dealer,Dindigul,731,8,90,5,771485,8,58203,59908,2.93,0,Regular
C0062,Dealer,Erode,431,5,89,5,661981,3,30986,31132,0.47,2,Regular
C0063,Retailer,Tirunelveli,407,6,73,22,408337,3,25052,26530,5.9,4,Low Value
C0064,Dealer,Coimbatore,1800,20,96,12,1683047,5,192187,257300,33.88,5,High Value
C0065,Dealer,Coimbatore,530,5,98,11,587899,4,39721,38799,-2.32,6,Low Value
C0066,Contractor,Tirunelveli,298,4,72,3,328321,1,25000,25910,3.64,1,Low Value
C0067,Dealer,Trichy,356,5,81,13,842886,7,25198,24447,-2.98,1,Low Value
C0068,Retailer,Madurai,846,13,72,16,1031281,4,60714,75213,23.88,2,High Value
C0069,Dealer,Coimbatore,479,7,57,7,517029,6,26310,30599,16.3,2,Regular
C0070,Retailer,Trichy,204,4,54,5,169667,7,25000,26077,4.31,2,Low Value
C0071,Retailer,Trichy,746,9,67,20,591465,1,40770,47640,16.85,3,Regular
C0072,Dealer,Trichy,312,6,52,4,289174,7,25000,25780,3.12,2,Low Value
C0073,Dealer,Madurai,1261,16,94,4,1352643,18,112727,149882,32.96,0,High Value
C0074,Retailer,Madurai,815,8,94,4,1035029,6,65767,81446,23.84,3,High Value
C0075,Contractor,Erode,352,7,44,7,592803,10,25000,26445,5.78,7,Regular
C0076,Contractor,Coimbatore,910,12,82,9,1019991,9,69810,79562,13.97,2,High Value
C0077,Retailer,Coimbatore,467,5,81,15,493170,7,29260,26978,-7.8,3,Low Value
C0078,Dealer,Salem,719,7,98,11,802407,9,73401,81159,10.57,1,Regular
C0079,Dealer,Trichy,587,7,89,11,595713,10,46054,52654,14.33,2,Regular
C0080,Dealer,Erode,283,4,66,18,569754,10,25000,26793,7.17,2,Low Value
C0081,Retailer,Tirunelveli,316,4,77,3,368897,2,25000,26177,4.71,1,Low Value
C0082,Contractor,Madurai,793,10,85,2,858689,9,65942,72945,10.62,1,High Value
C0083,Dealer,Coimbatore,374,8,50,12,223001,4,25000,21928,-12.29,3,Low Value
C0084,Dealer,Dindigul,360,6,62,7,429548,10,25025,25218,0.77,3,Low Value
C0085,Dealer,Erode,266,4,64,15,449478,7,25000,24382,-2.47,2,Low Value
C0086,Dealer,Chennai,568,9,66,8,537673,2,33137,34360,3.69,2,Low Value
C0087,Contractor,Salem,1399,14,99,5,1342064,11,129596,171546,32.37,2,High Value
C0088,Contractor,Trichy,250,4,66,12,430625,3,25000,28088,12.35,0,Low Value
C0089,Retailer,Erode,456,9,47,8,393401,4,25000,26240,4.96,2,Low Value
C0090,Contractor,Trichy,978,11,87,8,1165236,13,66873,78462,17.33,3,High Value
C0091,Dealer,Erode,431,3,136,31,413493,5,47055,46081,-2.07,3,Low Value
C0092,Contractor,Salem,577,5,115,17,578822,4,62918,66712,6.03,3,Regular
C0093,Retailer,Chennai,251,1,245,13,165485,5,48744,45425,-6.81,2,Low Value
C0094,Contractor,Chennai,570,5,105,8,664866,4,53161,57132,7.47,3,Regular
C0095,Retailer,Trichy,406,4,104,8,763285,8,34174,36751,7.54,0,Regular
C0096,Contractor,Trichy,774,6,131,6,898680,4,101842,115071,12.99,0,Regular
C0097,Contractor,Trichy,865,10,93,9,826536,5,90887,105938,16.56,1,High Value
C0098,Contractor,Trichy,1800,20,87,5,1981274,7,179885,249303,38.59,2,High Value
C0099,Dealer,Tirunelveli,619,5,127,3,623148,6,70759,68573,-3.09,1,Regular
C0100,Dealer,Coimbatore,538,9,64,8,805238,3,34074,37488,10.02,2,Regular
C0101,Dealer,Madurai,501,7,75,10,681651,8,41051,41642,1.44,5,Regular
C0102,Contractor,Erode,371,6,55,15,109173,3,25000,23230,-7.08,0,Low Value
C0103,Dealer,Dindigul,542,5,110,4,475210,2,61160,60114,-1.71,1,Regular
C0104,Contractor,Erode,383,6,67,8,585876,1,25000,26115,4.46,2,Low Value
C0105,Retailer,Erode,494,4,124,11,561099,4,50993,52441,2.84,2,Low Value
C0106,Dealer,Trichy,929,13,55,11,897799,1,46553,47130,1.24,3,Regular
C0107,Contractor,Coimbatore,259,3,88,21,255119,3,25000,25092,0.37,0,Low Value
C0108,Retailer,Tirunelveli,842,11,94,6,693952,5,81377,84062,3.3,2,Regular
C0109,Dealer,Salem,929,9,100,4,962045,10,79067,93615,18.4,0,High Value
C0110,Dealer,Madurai,422,3,135,8,734983,4,49824,52320,5.01,1,Low Value
C0111,Dealer,Tirunelveli,140,3,50,7,326592,2,25000,25688,2.75,4,Low Value
C0112,Dealer,Trichy,322,2,163,6,635550,4,57517,65541,13.95,5,Low Value
C0113,Retailer,Trichy,918,12,86,5,1105188,9,74794,80104,7.1,0,High Value
C0114,Retailer,Chennai,444,2,212,10,599698,4,92138,94994,3.1,0,Low Value
C0115,Contractor,Chennai,260,5,58,5,592889,11,25000,25198,0.79,3,Regular
C0116,Retailer,Chennai,341,2,175,13,434122,5,54555,56748,4.02,1,Low Value
C0117,Retailer,Madurai,715,10,70,12,780283,7,41392,46231,11.69,1,Regular
C0118,Dealer,Dindigul,608,8,79,10,811719,6,50340,53028,5.34,4,Low Value
C0119,Retailer,Trichy,395,3,140,3,621211,10,44285,45459,2.65,2,Low Value
C0120,Contractor,Madurai,368,5,81,9,390204,16,25000,24585,-1.66,0,Low Value
C0121,Retailer,Dindigul,363,5,63,15,356962,3,25000,26832,7.33,0,Low Value
C0122,Retailer,Erode,271,2,142,13,346013,5,32076,32926,2.65,0,Low Value
C0123,Dealer,Dindigul,1094,11,99,12,1236680,10,94520,119171,26.08,0,High Value
C0124,Dealer,Tirunelveli,377,1,300,8,503221,6,106324,107249,0.87,2,Low Value
C0125,Dealer,Salem,879,11,80,8,783250,1,65379,70511,7.85,4,High Value
C0126,Contractor,Chennai,1039,9,114,17,1295543,4,122406,132052,7.88,4,Regular
C0127,Retailer,Madurai,779,9,96,10,768210,6,74737,85290,14.12,1,Regular
C0128,Retailer,Coimbatore,355,4,88,10,392942,12,31482,30541,-2.99,0,Low Value
C0129,Dealer,Coimbatore,562,8,61,37,540381,5,35503,40658,14.52,4,Low Value
C0130,Contractor,Trichy,444,5,86,6,836199,2,33107,31230,-5.67,4,Low Value
C0131,Contractor,Salem,274,3,93,1,372948,6,25000,25980,3.92,1,Low Value
C0132,Dealer,Chennai,538,8,77,7,526183,11,38327,45805,19.51,0,Regular
C0133,Dealer,Madurai,235,3,83,7,414421,3,25000,25802,3.21,3,Low Value
C0134,Dealer,Trichy,865,11,72,9,1034546,3,71247,81136,13.88,3,Regular
C0135,Retailer,Salem,349,5,90,11,409123,3,33785,31775,-5.95,3,Low Value
C0136,Dealer,Madurai,503,3,170,1,639423,2,69764,66994,-3.97,0,Low Value
C0137,Contractor,Dindigul,526,8,76,11,519065,5,30071,33334,10.85,1,Regular
C0138,Contractor,Chennai,390,6,64,8,419350,5,25000,28380,13.52,1,Low Value
C0139,Dealer,Chennai,621,5,128,6,421624,1,67376,70071,4.0,4,Low Value
C0140,Retailer,Chennai,347,4,93,2,259076,3,25679,24249,-5.57,3,Low Value
C0141,Retailer,Dindigul,727,8,101,19,1005866,5,70735,64567,-8.72,0,Regular
C0142,Dealer,Coimbatore,215,2,116,6,478721,7,27264,25432,-6.72,3,Low Value
C0143,Contractor,Salem,482,6,87,12,564595,9,43808,45959,4.91,0,Regular
C0144,Dealer,Chennai,1307,18,70,4,1601502,8,76508,104296,36.32,1,High Value
C0145,Dealer,Trichy,260,5,47,10,336791,5,25000,26110,4.44,3,Low Value
C0146,Dealer,Dindigul,310,1,300,7,321291,1,88644,90514,2.11,2,Low Value
C0147,Contractor,Tirunelveli,597,8,82,12,685231,4,52581,54532,3.71,1,Low Value
C0148,Contractor,Salem,497,9,53,6,590459,1,28597,28663,0.23,1,Regular
C0149,Dealer,Dindigul,546,7,87,4,597276,5,52912,61907,17.0,1,Regular
C0150,Dealer,Dindigul,589,9,77,8,820858,3,43253,46756,8.1,1,Regular
C0151,Retailer,Salem,638,12,46,7,779316,1,30161,27914,-7.45,1,Regular
C0152,Dealer,Dindigul,828,12,62,9,1008298,6,40798,44131,8.17,2,Regular
C0153,Dealer,Salem,564,7,79,14,762166,11,43492,44301,1.86,2,Regular
C0154,Contractor,Salem,394,7,59,3,540482,1,25000,24685,-1.26,0,Low Value
C0155,Retailer,Salem,651,8,77,14,607917,6,46252,51798,11.99,1,Regular
C0156,Dealer,Tirunelveli,1279,15,96,3,1179806,4,123229,150992,22.53,0,High Value
C0157,Contractor,Madurai,418,4,108,12,496154,3,38499,39130,1.64,0,Low Value
C0158,Retailer,Dindigul,263,6,44,12,349999,3,25000,26982,7.93,5,Low Value
C0159,Dealer,Dindigul,827,8,92,5,884437,4,57374,61964,8.0,1,Regular
C0160,Contractor,Madurai,421,8,42,4,526924,4,25000,29270,17.08,0,Regular
C0161,Dealer,Dindigul,136,3,48,4,536629,5,25000,23338,-6.65,0,Low Value
C0162,Contractor,Madurai,717,6,102,8,596823,3,58079,63986,10.17,0,Regular
C0163,Contractor,Coimbatore,335,5,75,12,180956,3,25000,24592,-1.63,1,Low Value
C0164,Contractor,Tirunelveli,428,1,300,7,490685,7,107662,113659,5.57,4,Low Value
C0165,Dealer,Trichy,540,8,93,1,584829,2,57488,63024,9.63,1,Regular
C0166,Retailer,Tirunelveli,500,8,81,5,633928,6,35332,38636,9.35,0,Regular
C0167,Dealer,Dindigul,665,7,94,5,794316,4,50069,52077,4.01,2,Regular
C0168,Dealer,Chennai,354,4,88,11,577993,3,30162,28075,-6.92,1,Low Value
C0169,Dealer,Madurai,597,11,62,11,533583,13,40463,51534,27.36,1,High Value
C0170,Contractor,Trichy,390,4,111,9,387694,2,44209,43484,-1.64,0,Low Value
C0171,Contractor,Salem,676,6,100,14,773051,12,58706,67864,15.6,2,Regular
C0172,Dealer,Erode,631,10,49,15,823806,8,30135,29192,-3.13,0,Regular
C0173,Contractor,Salem,269,7,33,5,650864,3,25000,24542,-1.83,2,Low Value
C0174,Dealer,Trichy,818,10,86,4,1004984,8,73249,83042,13.37,6,High Value
C0175,Contractor,Salem,335,6,60,7,424935,1,25000,25960,3.84,7,Low Value
C0176,Dealer,Chennai,702,11,72,9,696848,3,55514,49946,-10.03,5,Regular
C0177,Contractor,Tirunelveli,551,5,101,5,535635,2,61107,65513,7.21,0,Regular
C0178,Dealer,Madurai,1237,14,70,42,1223326,6,84995,91778,7.98,4,Regular
C0179,Retailer,Tirunelveli,398,7,64,19,575928,7,25000,26035,4.14,4,Low Value
C0180,Dealer,Chennai,371,8,40,5,517190,6,25000,24048,-3.81,0,Low Value
C0181,Dealer,Erode,445,6,58,3,366412,5,27805,27558,-0.89,1,Regular
C0182,Dealer,Coimbatore,381,3,128,5,382542,8,36686,37585,2.45,2,Low Value
C0183,Retailer,Salem,699,12,65,15,918456,8,52105,53288,2.27,1,Regular
C0184,Retailer,Erode,185,1,184,15,286449,3,28020,26095,-6.87,1,Low Value
C0185,Dealer,Madurai,252,2,122,19,381437,3,28841,25634,-11.12,0,Low Value
C0186,Contractor,Erode,250,4,61,4,381451,7,25000,22112,-11.55,1,Low Value
C0187,Retailer,Salem,759,12,60,11,1059322,5,38254,45048,17.76,2,High Value
C0188,Contractor,Madurai,1153,15,66,4,1263375,5,71587,79877,11.58,0,High Value
C0189,Contractor,Coimbatore,425,6,65,21,461927,5,25000,25040,0.16,5,Low Value
C0190,Dealer,Salem,410,6,73,4,385609,1,27177,29354,8.01,1,Regular
C0191,Dealer,Madurai,468,6,81,3,574753,3,31117,31307,0.61,4,Regular
C0192,Retailer,Chennai,853,11,79,3,639166,6,60342,65616,8.74,3,High Value
C0193,Retailer,Coimbatore,270,1,262,8,294385,3,63623,64380,1.19,3,Low Value
C0194,Contractor,Salem,513,5,101,12,546349,4,59443,66856,12.47,1,Regular
C0195,Dealer,Madurai,769,10,59,12,684913,6,52083,53562,2.84,2,Regular
C0196,Dealer,Dindigul,593,5,120,3,527658,9,56637,61587,8.74,4,Regular
C0197,Contractor,Erode,499,7,83,6,680309,9,43090,40948,-4.97,2,Regular
C0198,Retailer,Erode,780,9,75,5,873685,10,45086,50127,11.18,1,High Value
C0199,Retailer,Tirunelveli,102,5,20,3,233915,4,25000,24342,-2.63,2,Low Value
C0200,Retailer,Madurai,653,11,62,5,798812,4,32070,33042,3.03,5,Regular
C0201,Contractor,Tirunelveli,314,3,115,18,389015,2,41028,39075,-4.76,3,Low Value
C0202,Dealer,Madurai,164,2,78,3,387544,11,25000,22775,-8.9,1,Low Value
C0203,Dealer,Madurai,596,7,80,9,680412,4,39459,42442,7.56,4,Regular
C0204,Retailer,Coimbatore,958,10,80,18,834314,11,62436,76977,23.29,0,High Value
C0205,Contractor,Chennai,417,5,84,18,685066,6,29641,27996,-5.55,4,Low Value
C0206,Dealer,Tirunelveli,760,7,125,22,849441,9,90841,96037,5.72,3,Regular
C0207,Dealer,Salem,1092,11,101,10,1064490,5,107853,131289,21.73,5,High Value
C0208,Contractor,Coimbatore,927,12,77,11,856542,7,59861,73958,23.55,1,High Value
C0209,Dealer,Trichy,1109,14,82,5,1233160,9,95726,105720,10.44,1,High Value
C0210,Dealer,Erode,677,6,113,3,708389,3,66848,72443,8.37,1,Regular
C0211,Contractor,Coimbatore,469,7,60,7,746548,10,31485,34205,8.64,1,Regular
C0212,Contractor,Chennai,186,1,193,16,203591,2,36354,34624,-4.76,2,Low Value
C0213,Contractor,Trichy,393,5,80,1,368564,13,29068,26094,-10.23,2,Regular
C0214,Dealer,Tirunelveli,283,5,57,5,483046,5,25000,26162,4.65,0,Low Value
C0215,Contractor,Salem,1485,17,80,11,1652284,3,127967,174944,36.71,3,High Value
C0216,Dealer,Trichy,409,6,79,8,514888,8,27988,29463,5.27,2,Regular
C0217,Dealer,Madurai,482,5,102,17,625863,6,43554,42043,-3.47,1,Low Value
C0218,Contractor,Salem,609,7,83,15,672128,1,56834,57738,1.59,1,Low Value
C0219,Contractor,Salem,461,5,100,2,554914,4,37613,44259,17.67,2,Regular
C0220,Retailer,Trichy,1143,12,91,8,1330349,2,79763,99728,25.03,4,High Value
C0221,Contractor,Erode,320,3,100,4,458038,2,29812,31473,5.57,1,Low Value
C0222,Contractor,Madurai,501,3,161,4,516537,2,86346,92917,7.61,0,Regular
C0223,Dealer,Coimbatore,299,3,85,2,527434,7,26906,26397,-1.89,3,Low Value
C0224,Dealer,Erode,218,2,113,9,50000,8,27536,27156,-1.38,4,Low Value
C0225,Dealer,Coimbatore,321,3,92,17,630099,3,28448,28044,-1.42,2,Low Value
C0226,Dealer,Salem,441,5,78,10,305135,1,27175,28860,6.2,4,Regular
C0227,Retailer,Coimbatore,355,4,72,2,349499,1,25189,28323,12.44,2,Low Value
C0228,Dealer,Trichy,307,5,61,8,391040,15,25000,28115,12.46,2,Regular
C0229,Retailer,Erode,208,4,51,11,282222,5,25000,22115,-11.54,1,Low Value
C0230,Contractor,Coimbatore,430,4,105,7,609269,8,36981,39444,6.66,1,Regular
C0231,Retailer,Dindigul,197,1,189,10,127510,4,28108,28991,3.14,1,Low Value
C0232,Contractor,Trichy,684,6,105,5,759692,1,70919,80124,12.98,2,Regular
C0233,Contractor,Trichy,471,5,98,7,465965,6,50990,51449,0.9,2,Low Value
C0234,Contractor,Madurai,202,2,97,6,306117,12,25000,30502,22.01,0,Regular
C0235,Dealer,Salem,380,3,129,19,426227,3,56021,51052,-8.87,3,Low Value
C0236,Contractor,Coimbatore,298,1,291,3,351452,1,67225,62418,-7.15,2,Low Value
C0237,Dealer,Dindigul,536,5,109,1,524609,2,64921,70160,8.07,0,Regular
C0238,Dealer,Chennai,941,11,96,19,945642,8,97168,125454,29.11,1,High Value
C0239,Contractor,Erode,160,3,58,9,281473,6,25000,23045,-7.82,3,Low Value
C0240,Dealer,Trichy,479,5,93,3,655396,10,50757,53670,5.74,4,Regular
C0241,Retailer,Dindigul,412,4,105,14,401406,5,37427,41144,9.93,4,Low Value
C0242,Retailer,Tirunelveli,651,6,107,12,596098,7,77021,83668,8.63,2,Regular
C0243,Retailer,Tirunelveli,506,6,84,21,650715,4,46852,47096,0.52,2,Low Value
C0244,Dealer,Dindigul,298,2,146,9,348400,2,45817,47494,3.66,3,Low Value
C0245,Dealer,Tirunelveli,378,6,62,31,567960,7,25000,25295,1.18,3,Low Value
C0246,Retailer,Salem,290,1,292,7,224804,8,67575,73792,9.2,5,Low Value
C0247,Contractor,Madurai,813,9,82,12,660517,3,64185,77022,20.0,4,Regular
C0248,Retailer,Madurai,455,6,68,13,469790,12,27621,29864,8.12,1,Regular
C0249,Retailer,Erode,1280,15,74,43,1251038,12,101056,122227,20.95,7,Regular
C0250,Retailer,Salem,435,11,27,6,567295,2,25000,26198,4.79,5,Regular
C0251,Dealer,Tirunelveli,305,4,67,6,305829,2,25000,25955,3.82,2,Low Value
C0252,Dealer,Chennai,196,1,197,13,342522,2,29188,28342,-2.9,3,Low Value
C0253,Retailer,Madurai,167,2,76,3,206372,4,25000,24642,-1.43,2,Low Value
C0254,Dealer,Madurai,188,1,192,4,264857,4,40622,43559,7.23,2,Low Value
C0255,Dealer,Salem,521,6,87,7,608766,2,48306,55856,15.63,2,Regular
C0256,Contractor,Coimbatore,595,5,103,21,664145,3,49155,46176,-6.06,3,Low Value
C0257,Retailer,Trichy,189,4,52,13,280755,1,25000,24070,-3.72,3,Low Value
C0258,Contractor,Chennai,736,8,98,8,857872,1,54697,57126,4.44,4,Regular
C0259,Contractor,Madurai,345,4,78,5,320771,1,26950,26664,-1.06,4,Low Value
C0260,Dealer,Chennai,488,4,125,26,705730,15,61114,66144,8.23,5,Low Value
C0261,Contractor,Trichy,1092,16,61,8,1166816,14,76255,96394,26.41,3,High Value
C0262,Retailer,Tirunelveli,737,8,93,4,640064,8,62319,69592,11.67,2,High Value
C0263,Dealer,Coimbatore,388,8,38,30,523369,3,25000,21220,-15.12,2,Low Value
C0264,Contractor,Chennai,276,5,41,3,267458,1,25000,23298,-6.81,2,Low Value
C0265,Retailer,Madurai,138,3,43,18,308140,5,25000,25462,1.85,2,Low Value
C0266,Contractor,Madurai,303,4,75,8,645703,6,25559,21012,-17.79,1,Low Value
C0267,Contractor,Coimbatore,401,6,64,13,393461,3,27493,30223,9.93,0,Regular
C0268,Contractor,Chennai,261,1,252,11,348735,6,60554,62716,3.57,2,Low Value
C0269,Dealer,Chennai,419,4,102,13,268489,2,42907,47575,10.88,2,Low Value
C0270,Dealer,Trichy,469,7,69,31,612119,3,35355,34825,-1.5,3,Low Value
C0271,Retailer,Salem,398,5,79,28,367014,4,29752,25221,-15.23,5,Low Value
C0272,Retailer,Dindigul,315,1,300,5,279770,14,79066,85399,8.01,2,Regular
C0273,Retailer,Tirunelveli,494,6,77,11,434746,3,31111,35146,12.97,1,Regular
C0274,Retailer,Madurai,574,10,67,2,770758,6,28846,33164,14.97,1,Regular
C0275,Contractor,Chennai,247,5,40,14,465827,2,25000,23258,-6.97,2,Low Value
C0276,Contractor,Madurai,978,11,93,16,1041106,2,72257,82489,14.16,4,Regular
C0277,Retailer,Trichy,426,7,70,1,417369,3,25274,25428,0.61,1,Regular
C0278,Contractor,Erode,455,5,95,8,712493,5,37569,37077,-1.31,0,Low Value
C0279,Contractor,Madurai,664,4,164,13,597351,13,106081,124804,17.65,1,Regular
C0280,Retailer,Chennai,512,4,124,10,298756,3,57722,55557,-3.75,2,Low Value
C0281,Retailer,Salem,760,12,72,3,920007,8,55807,59652,6.89,0,High Value
C0282,Dealer,Salem,527,6,76,3,462377,14,30930,31654,2.34,2,Regular
C0283,Dealer,Chennai,321,3,99,7,502483,6,25410,23260,-8.46,2,Low Value
C0284,Dealer,Madurai,549,6,88,6,567913,9,45881,50143,9.29,1,Regular
C0285,Contractor,Coimbatore,240,7,44,6,435446,3,25000,26858,7.43,7,Low Value
C0286,Dealer,Chennai,478,9,56,2,757480,6,25000,26268,5.07,0,Regular
C0287,Contractor,Madurai,442,10,36,8,425637,7,25000,23572,-5.71,2,Regular
C0288,Contractor,Coimbatore,401,4,98,21,395938,2,43553,46040,5.71,0,Low Value
C0289,Dealer,Madurai,419,6,65,3,494069,2,27963,32233,15.27,4,Regular
C0290,Contractor,Madurai,160,1,154,7,407506,4,25000,23292,-6.83,2,Low Value
C0291,Dealer,Coimbatore,333,7,55,12,363044,3,25000,24235,-3.06,2,Low Value
C0292,Dealer,Madurai,474,3,147,2,442560,4,79429,86721,9.18,0,Regular
C0293,Retailer,Chennai,491,6,95,8,621727,1,47693,54928,15.17,2,Regular
C0294,Dealer,Salem,256,1,263,15,235333,13,61739,60442,-2.1,3,Low Value
C0295,Dealer,Tirunelveli,903,9,109,3,968853,9,101448,108904,7.35,3,High Value
C0296,Contractor,Trichy,279,2,136,9,149966,20,39937,43931,10.0,2,Low Value
C0297,Retailer,Trichy,767,8,95,15,1088670,2,77382,88711,14.64,3,Regular
C0298,Dealer,Madurai,569,6,83,30,468925,6,44448,45955,3.39,2,Low Value
C0299,Contractor,Salem,315,3,101,8,340140,3,29332,28364,-3.3,5,Low Value
C0300,Dealer,Salem,1195,16,79,4,1278852,2,71220,90806,27.5,1,High Value
C0301,Dealer,Madurai,233,1,243,1,514573,9,63449,67154,5.84,5,Regular
C0302,Contractor,Erode,746,9,74,4,658119,5,54725,58134,6.23,3,Regular
C0303,Contractor,Madurai,780,12,62,2,1120044,4,40200,45313,12.72,0,High Value
C0304,Contractor,Chennai,311,3,102,22,466211,6,35460,31769,-10.41,4,Low Value
C0305,Contractor,Salem,968,10,86,14,1067851,2,92903,110081,18.49,2,High Value
C0306,Retailer,Dindigul,392,4,103,3,338044,2,46258,46739,1.04,0,Low Value
C0307,Contractor,Salem,527,9,53,4,699487,3,30714,31632,2.99,5,Regular
C0308,Dealer,Tirunelveli,519,6,85,8,501332,10,50693,54424,7.36,0,Regular
C0309,Retailer,Coimbatore,418,4,101,15,630299,9,35796,37235,4.02,3,Low Value
C0310,Dealer,Tirunelveli,703,9,72,11,664023,2,55015,63053,14.61,2,Regular
C0311,Contractor,Madurai,696,6,116,10,725021,13,87131,101377,16.35,1,Regular
C0312,Dealer,Dindigul,172,3,56,9,190567,5,25000,24215,-3.14,2,Low Value
C0313,Dealer,Chennai,922,12,74,3,884197,6,53857,65377,21.39,1,High Value
C0314,Retailer,Tirunelveli,180,2,84,8,340958,3,25000,25105,0.42,2,Low Value
C0315,Retailer,Chennai,794,8,102,8,910155,5,70331,76640,8.97,1,Regular
C0316,Contractor,Salem,836,8,118,2,1026681,2,108351,121396,12.04,1,Regular
C0317,Contractor,Chennai,247,4,63,22,119365,3,25000,23885,-4.46,5,Low Value
C0318,Dealer,Tirunelveli,359,7,59,5,591850,8,25000,26852,7.41,3,Regular
C0319,Dealer,Madurai,245,2,111,2,607904,8,25464,25291,-0.68,2,Low Value
C0320,Dealer,Madurai,400,6,68,6,432803,6,25000,25295,1.18,1,Low Value
C0321,Contractor,Trichy,380,1,300,6,637418,4,116957,136313,16.55,1,Low Value
C0322,Contractor,Madurai,691,7,87,7,714771,2,58688,67708,15.37,3,Regular
C0323,Contractor,Dindigul,925,11,78,6,828561,10,56349,62914,11.65,4,High Value
C0324,Dealer,Trichy,970,10,107,8,982824,9,84594,102579,21.26,2,High Value
C0325,Retailer,Erode,330,2,173,9,505284,1,51679,52139,0.89,5,Low Value
C0326,Contractor,Coimbatore,401,3,136,8,351269,8,44951,48102,7.01,1,Regular
C0327,Contractor,Trichy,178,3,47,10,190259,4,25000,24630,-1.48,2,Low Value
C0328,Contractor,Tirunelveli,289,3,95,11,427875,7,25161,27481,9.22,2,Low Value
C0329,Contractor,Salem,765,5,155,11,785617,1,93363,104370,11.79,1,Regular
C0330,Dealer,Chennai,1094,9,123,13,1183055,3,126991,148059,16.59,3,Regular
C0331,Dealer,Chennai,228,1,213,5,309340,5,38188,40941,7.21,1,Low Value
C0332,Retailer,Salem,325,5,58,5,468805,13,25000,26628,6.51,2,Regular
C0333,Dealer,Trichy,444,1,300,15,412524,5,112666,116914,3.77,2,Low Value
C0334,Dealer,Erode,525,5,109,6,609058,9,62593,68808,9.93,3,Regular
C0335,Dealer,Erode,288,2,126,7,232515,6,40637,40873,0.58,0,Low Value
C0336,Dealer,Salem,568,9,62,7,820412,5,38051,40783,7.18,4,Regular
C0337,Retailer,Trichy,347,3,117,29,329837,7,35875,34020,-5.17,2,Low Value
C0338,Contractor,Salem,446,6,81,4,661562,5,31031,30932,-0.32,1,Low Value
C0339,Contractor,Madurai,608,7,92,4,647767,8,54239,55649,2.6,0,Regular
C0340,Dealer,Madurai,452,1,300,8,495440,2,140853,131782,-6.44,1,Low Value
C0341,Contractor,Trichy,354,6,53,7,388504,5,25000,24050,-3.8,1,Low Value
C0342,Contractor,Chennai,424,5,70,3,373481,14,25000,26640,6.56,1,Regular
C0343,Dealer,Dindigul,429,6,68,7,302279,10,25000,26625,6.5,3,Regular
C0344,Contractor,Salem,367,12,39,8,404311,6,25000,25230,0.92,0,Low Value
C0345,Dealer,Tirunelveli,390,1,300,5,379631,9,126698,112039,-11.57,1,Low Value
C0346,Contractor,Coimbatore,1084,16,73,7,1213826,12,86138,113745,32.05,3,High Value
C0347,Contractor,Coimbatore,613,7,91,4,801296,1,56976,65443,14.86,3,Regular
C0348,Dealer,Coimbatore,383,5,80,3,407059,4,34672,36922,6.49,4,Regular
C0349,Dealer,Erode,660,8,78,6,626165,3,49133,59937,21.99,2,Regular
C0350,Contractor,Madurai,375,4,93,3,268624,2,38904,37212,-4.35,0,Low Value
C0351,Contractor,Dindigul,858,9,109,2,969908,15,106346,139494,31.17,1,High Value
C0352,Retailer,Chennai,551,7,71,1,793333,7,42597,43347,1.76,2,Regular
C0353,Contractor,Coimbatore,424,2,225,9,611360,9,83370,88889,6.62,0,Regular
C0354,Dealer,Salem,576,8,69,6,745792,3,32927,32219,-2.15,5,Low Value
C0355,Dealer,Chennai,190,1,201,15,325125,4,37016,35917,-2.97,1,Low Value
C0356,Contractor,Dindigul,242,1,231,6,496415,5,52056,53488,2.75,1,Low Value
C0357,Dealer,Erode,233,2,121,9,336900,6,31043,30599,-1.43,1,Low Value
C0358,Contractor,Coimbatore,487,8,55,5,662486,8,25000,27930,11.72,2,Regular
C0359,Retailer,Trichy,1167,13,78,8,1184456,7,77654,94458,21.64,1,High Value
C0360,Contractor,Chennai,1535,19,83,1,1444305,4,133867,168231,25.67,2,High Value
C0361,Dealer,Erode,639,6,115,6,608088,12,57906,62162,7.35,4,Regular
C0362,Contractor,Trichy,593,8,67,4,673951,11,34896,40472,15.98,3,High Value
C0363,Contractor,Salem,167,3,44,14,260244,6,25000,23178,-7.29,3,Low Value
C0364,Contractor,Salem,334,8,41,9,686054,5,25000,26990,7.96,3,Low Value
C0365,Retailer,Tirunelveli,292,3,97,13,368953,4,25000,27028,8.11,1,Low Value
C0366,Dealer,Madurai,320,5,68,17,548461,6,25000,22118,-11.53,0,Low Value
C0367,Retailer,Salem,410,5,90,5,431291,10,34281,38957,13.64,2,Regular
C0368,Retailer,Erode,347,7,49,8,416549,5,25000,29110,16.44,2,Regular
C0369,Dealer,Trichy,152,1,167,3,56719,3,25000,24912,-0.35,2,Low Value
C0370,Dealer,Trichy,679,9,77,10,671071,5,44964,50913,13.23,5,Regular
C0371,Dealer,Erode,249,3,80,11,385888,6,25000,26728,6.91,3,Low Value
C0372,Dealer,Trichy,513,6,73,10,583957,2,28143,28810,2.37,2,Low Value
C0373,Dealer,Dindigul,1408,17,81,5,1588953,2,109813,138760,26.36,0,High Value
C0374,Contractor,Chennai,271,4,65,23,375100,3,25000,21932,-12.27,4,Low Value
C0375,Dealer,Trichy,112,1,120,8,139906,12,25000,25055,0.22,0,Low Value
C0376,Dealer,Dindigul,385,5,81,3,720046,10,30739,33506,9.0,0,Regular
C0377,Retailer,Coimbatore,824,13,54,12,920132,1,38279,43680,14.11,1,Regular
C0378,Dealer,Chennai,1321,18,75,15,1553410,2,81250,104658,28.81,2,Regular
C0379,Retailer,Coimbatore,229,4,63,3,269505,8,25000,23982,-4.07,0,Low Value
C0380,Dealer,Chennai,591,6,111,6,734502,4,74045,76807,3.73,2,Low Value
C0381,Dealer,Trichy,348,2,181,2,506162,6,49772,58104,16.74,4,Regular
C0382,Contractor,Coimbatore,425,7,67,17,545269,1,25000,24920,-0.32,3,Low Value
C0383,Contractor,Erode,1800,20,90,7,1562462,5,183709,249642,35.89,1,High Value
C0384,Retailer,Trichy,197,5,43,4,304640,4,25000,24648,-1.41,2,Low Value
C0385,Contractor,Salem,517,5,113,15,722105,9,66661,66788,0.19,4,Regular
C0386,Retailer,Coimbatore,582,6,86,8,704998,6,37632,44767,18.96,4,Regular
C0387,Dealer,Tirunelveli,818,6,134,14,895801,5,120515,129807,7.71,3,Regular
C0388,Dealer,Madurai,475,5,89,11,332079,1,36903,35069,-4.97,1,Low Value
C0389,Retailer,Erode,533,8,70,4,537595,14,41990,44875,6.87,2,Regular
C0390,Retailer,Chennai,363,3,131,5,468913,7,41693,37357,-10.4,1,Low Value
C0391,Retailer,Trichy,522,7,70,4,651946,3,36968,37474,1.37,3,Regular
C0392,Contractor,Madurai,373,4,74,3,585810,5,25000,24180,-3.28,3,Low Value
C0393,Dealer,Trichy,633,8,76,2,691666,4,40744,46216,13.43,1,Regular
C0394,Retailer,Chennai,367,2,191,26,459649,4,74266,69929,-5.84,1,Low Value
C0395,Dealer,Coimbatore,554,7,83,10,631865,10,44211,50502,14.23,1,Regular
C0396,Retailer,Dindigul,443,1,300,10,345117,2,149006,167676,12.53,1,Low Value
C0397,Retailer,Coimbatore,836,9,91,16,622905,8,70104,82702,17.97,1,High Value
C0398,Contractor,Trichy,437,2,208,5,522171,10,99797,104587,4.8,1,Regular
C0399,Retailer,Salem,170,4,47,2,288374,7,25000,25215,0.86,2,Low Value
C0400,Retailer,Salem,901,12,68,13,910669,4,69950,71636,2.41,1,Regular
C0401,Dealer,Trichy,273,4,86,3,160749,3,26622,26526,-0.36,2,Low Value
C0402,Retailer,Trichy,314,7,49,13,501469,3,25000,23415,-6.34,1,Low Value
C0403,Contractor,Madurai,324,2,157,2,342490,5,56177,60362,7.45,2,Low Value
C0404,Retailer,Tirunelveli,958,15,59,3,1136125,5,61555,82798,34.51,1,High Value
C0405,Dealer,Salem,139,3,46,5,452836,8,25000,25622,2.49,1,Low Value
C0406,Retailer,Chennai,1800,20,88,12,1588028,1,158355,187255,18.25,1,High Value
C0407,Dealer,Dindigul,804,12,76,21,818448,10,47604,51917,9.06,2,Regular
C0408,Dealer,Tirunelveli,509,4,129,10,530525,20,71221,79319,11.37,2,Regular
C0409,Retailer,Chennai,437,3,140,5,657029,5,50156,52749,5.17,2,Regular
C0410,Dealer,Dindigul,527,5,121,14,386582,4,49632,49374,-0.52,2,Low Value
C0411,Dealer,Trichy,599,6,100,2,888453,4,54514,60004,10.07,1,Regular
C0412,Retailer,Madurai,642,5,135,4,697003,5,85003,85513,0.6,1,Regular
C0413,Retailer,Trichy,611,10,56,8,702830,4,37363,37707,0.92,2,Regular
C0414,Contractor,Madurai,473,5,98,13,513283,1,52830,56549,7.04,2,Regular
C0415,Contractor,Chennai,404,5,83,7,426048,4,31044,29805,-3.99,3,Low Value
C0416,Contractor,Erode,414,4,88,6,600674,5,28205,30360,7.64,2,Low Value
C0417,Dealer,Madurai,404,1,300,6,302178,10,127217,121887,-4.19,1,Low Value
C0418,Dealer,Madurai,840,10,94,16,950450,2,77070,94673,22.84,2,High Value
C0419,Contractor,Chennai,624,4,153,4,607298,13,88708,94279,6.28,2,Regular
C0420,Retailer,Erode,89,1,80,3,71194,4,25000,23818,-4.73,1,Low Value
C0421,Retailer,Coimbatore,645,5,132,6,993567,3,80965,89563,10.62,2,Low Value
C0422,Retailer,Chennai,501,10,51,17,671136,7,25000,25142,0.57,3,Regular
C0423,Dealer,Madurai,445,7,66,5,610842,3,30921,32479,5.04,1,Regular
C0424,Contractor,Madurai,363,4,92,6,568083,5,32313,34497,6.76,0,Low Value
C0425,Dealer,Erode,835,12,74,2,758188,5,68015,82074,20.67,1,High Value
C0426,Contractor,Erode,758,7,120,7,1013575,7,87996,103457,17.57,5,Regular
C0427,Contractor,Madurai,294,5,63,9,83825,5,25000,24865,-0.54,4,Low Value
C0428,Retailer,Erode,563,7,72,3,545298,4,44202,47004,6.34,3,Regular
C0429,Dealer,Salem,264,4,77,16,292316,4,25000,28707,14.83,2,Low Value
C0430,Dealer,Dindigul,211,5,55,9,384157,7,25000,26543,6.17,2,Low Value
C0431,Dealer,Chennai,319,5,89,5,432396,3,28374,26896,-5.21,2,Low Value
C0432,Retailer,Chennai,723,9,71,9,777532,11,45845,51805,13.0,2,Regular
C0433,Contractor,Chennai,760,6,129,11,791560,5,106644,115506,8.31,0,Regular
C0434,Dealer,Salem,597,5,103,1,525087,1,57268,60985,6.49,0,Regular
C0435,Dealer,Madurai,671,8,88,9,561682,6,61444,61923,0.78,2,Low Value
C0436,Contractor,Madurai,598,7,81,17,754481,6,38180,39497,3.45,1,Low Value
C0437,Dealer,Coimbatore,316,1,300,4,438845,11,86117,100610,16.83,3,Regular
C0438,Retailer,Salem,571,12,41,5,894489,3,26766,29681,10.89,1,High Value
C0439,Contractor,Trichy,699,11,50,6,706348,2,37515,34409,-8.28,0,Regular
C0440,Dealer,Salem,681,9,72,13,844988,7,39911,46999,17.76,1,Regular
C0441,Dealer,Erode,865,10,71,3,896205,10,52885,65477,23.81,2,High Value
C0442,Retailer,Madurai,664,7,101,11,866257,3,59146,62287,5.31,3,Regular
C0443,Dealer,Salem,546,5,93,6,721736,6,51293,57535,12.17,2,Regular
C0444,Dealer,Coimbatore,811,10,81,22,909695,5,69159,71787,3.8,2,Regular
C0445,Retailer,Dindigul,443,6,57,6,482806,3,26509,26647,0.52,3,Low Value
C0446,Retailer,Trichy,277,1,274,1,437762,4,72403,80997,11.87,2,Low Value
C0447,Retailer,Salem,411,6,82,12,573979,9,36207,37011,2.22,1,Regular
C0448,Retailer,Dindigul,299,3,103,10,283017,5,28482,24925,-12.49,3,Low Value
C0449,Dealer,Erode,310,1,300,9,191164,4,74358,74529,0.23,0,Low Value
C0450,Dealer,Salem,416,3,138,17,429976,7,56017,57182,2.08,1,Low Value
C0451,Retailer,Chennai,291,3,97,2,540200,10,31922,35753,12.0,2,Regular
C0452,Contractor,Salem,380,8,51,4,631578,2,25000,25630,2.52,3,Low Value
C0453,Contractor,Dindigul,159,3,42,8,112671,6,25000,23810,-4.76,1,Low Value
C0454,Retailer,Chennai,506,3,173,9,400969,4,88302,99198,12.34,4,Low Value
C0455,Dealer,Madurai,450,6,53,7,682462,5,26765,28194,5.34,0,Regular
C0456,Contractor,Erode,287,1,282,2,194674,7,74567,72494,-2.78,0,Low Value
C0457,Dealer,Salem,647,10,61,5,806065,4,34832,40740,16.96,3,High Value
C0458,Contractor,Salem,754,8,99,21,737971,5,85163,93747,10.08,3,Regular
C0459,Dealer,Trichy,186,2,93,3,451145,9,25000,25190,0.76,1,Low Value
C0460,Dealer,Salem,296,6,38,7,306149,6,25000,25665,2.66,2,Low Value
C0461,Dealer,Coimbatore,295,1,287,11,474953,4,79205,73249,-7.52,4,Low Value
C0462,Contractor,Salem,268,1,270,13,336983,5,66284,63414,-4.33,2,Low Value
C0463,Contractor,Madurai,710,7,101,12,792763,5,58059,63511,9.39,2,Regular
C0464,Contractor,Salem,404,7,53,5,265963,1,25000,25268,1.07,1,Regular
C0465,Retailer,Erode,389,2,191,4,165300,5,67740,76262,12.58,4,Low Value
C0466,Dealer,Madurai,149,1,155,22,187182,2,25408,24282,-4.43,6,Low Value
C0467,Dealer,Erode,638,7,87,14,730929,10,45834,52773,15.14,1,Regular
C0468,Retailer,Coimbatore,228,4,56,8,181776,2,25000,24598,-1.61,2,Low Value
C0469,Dealer,Dindigul,465,8,75,18,435607,4,26491,29111,9.89,0,Regular
C0470,Retailer,Tirunelveli,524,5,93,2,647777,3,51446,56138,9.12,2,Regular
C0471,Dealer,Chennai,951,10,80,1,1070893,12,74738,89125,19.25,1,High Value
C0472,Retailer,Tirunelveli,219,5,50,8,304621,9,25000,25120,0.48,2,Low Value
C0473,Dealer,Dindigul,85,1,80,9,252874,1,25000,21985,-12.06,6,Low Value
C0474,Retailer,Coimbatore,498,5,97,2,417396,5,40307,44342,10.01,4,Regular
C0475,Contractor,Coimbatore,1211,15,74,13,1241638,2,69875,83144,18.99,4,High Value
C0476,Retailer,Salem,890,11,79,1,1161245,5,60858,68058,11.83,1,High Value
C0477,Dealer,Tirunelveli,505,5,114,10,572449,7,57626,65475,13.62,3,Regular
C0478,Contractor,Tirunelveli,343,4,92,11,429708,6,30814,28654,-7.01,1,Low Value
C0479,Retailer,Tirunelveli,701,3,241,8,983564,8,168073,181485,7.98,1,Regular
C0480,Contractor,Coimbatore,263,2,120,2,154629,4,30604,33077,8.08,3,Low Value
C0481,Contractor,Tirunelveli,585,8,64,16,763822,6,32169,34881,8.43,3,Regular
C0482,Contractor,Madurai,594,5,96,5,839578,7,48345,52411,8.41,1,Regular
C0483,Contractor,Chennai,806,10,74,5,841117,3,48003,54637,13.82,0,High Value
C0484,Contractor,Madurai,1800,20,98,4,1948156,3,192210,260618,35.59,1,High Value
C0485,Contractor,Coimbatore,558,6,97,12,503458,3,53942,51067,-5.33,3,Low Value
C0486,Retailer,Coimbatore,340,4,83,5,329592,4,25000,24902,-0.39,2,Low Value
C0487,Dealer,Coimbatore,444,3,148,3,534596,5,53942,62783,16.39,1,Regular
C0488,Dealer,Salem,170,2,79,14,339328,6,25000,23185,-7.26,2,Low Value
C0489,Retailer,Coimbatore,307,5,63,7,530462,3,25000,24595,-1.62,5,Low Value
C0490,Retailer,Coimbatore,359,5,78,15,628505,7,28387,27802,-2.06,2,Low Value
C0491,Contractor,Trichy,337,3,99,8,389356,13,30452,31667,3.99,2,Low Value
C0492,Contractor,Coimbatore,489,6,84,4,705883,3,35111,35501,1.11,0,Regular
C0493,Dealer,Trichy,286,5,65,1,337023,18,25000,27470,9.88,3,Regular
C0494,Dealer,Madurai,834,6,136,8,964151,15,121238,142721,17.72,1,High Value
C0495,Contractor,Chennai,450,8,62,6,578399,5,25000,27520,10.08,0,Regular
C0496,Dealer,Salem,448,5,112,12,569281,4,54643,52370,-4.16,3,Low Value
C0497,Contractor,Salem,376,5,74,5,505421,3,29315,29350,0.12,3,Low Value
C0498,Dealer,Chennai,490,8,64,10,394935,8,27247,28421,4.31,2,Regular
C0499,Retailer,Coimbatore,708,6,112,8,613905,5,73002,82660,13.23,0,Regular
C0500,Retailer,Dindigul,279,2,141,4,348455,5,32430,31029,-4.32,0,Low Value
C0501,Contractor,Chennai,313,3,108,5,174577,3,26855,28874,7.52,1,Low Value
C0502,Contractor,Chennai,381,3,129,2,534595,8,51071,57817,13.21,2,Regular
C0503,Dealer,Madurai,215,6,28,23,434337,4,25000,22280,-10.88,2,Low Value
C0504,Retailer,Coimbatore,287,2,145,10,382210,2,44862,42996,-4.16,2,Low Value
C0505,Contractor,Coimbatore,346,3,127,2,270564,5,50456,50133,-0.64,4,Low Value
C0506,Dealer,Coimbatore,728,9,84,22,967417,3,47738,60002,25.69,2,Regular
C0507,Retailer,Chennai,520,4,138,3,809465,11,67398,71348,5.86,3,Regular
C0508,Retailer,Chennai,501,5,98,5,578499,14,52575,63553,20.88,1,High Value
C0509,Retailer,Chennai,719,9,86,6,855414,5,65889,67062,1.78,1,Regular
C0510,Contractor,Tirunelveli,417,4,106,8,501659,9,46589,45681,-1.95,4,Low Value
C0511,Contractor,Tirunelveli,558,6,85,12,684944,9,42194,43283,2.58,3,Regular
C0512,Contractor,Salem,425,4,109,1,469903,1,43154,42157,-2.31,1,Low Value
C0513,Retailer,Erode,521,3,166,8,549702,3,85447,88275,3.31,3,Low Value
C0514,Retailer,Madurai,327,4,77,6,509636,5,28693,27826,-3.02,2,Low Value
C0515,Dealer,Trichy,118,5,25,9,516775,4,25000,22668,-9.33,2,Low Value
C0516,Dealer,Madurai,418,5,86,6,322291,3,40235,44810,11.37,3,Regular
C0517,Dealer,Salem,984,12,72,5,1042943,9,60769,76982,26.68,0,High Value
C0518,Retailer,Dindigul,749,10,83,7,689995,3,71220,83384,17.08,2,High Value
C0519,Retailer,Trichy,765,6,132,21,988293,6,102808,116163,12.99,2,Regular
C0520,Dealer,Erode,888,14,58,5,927271,9,48177,56189,16.63,4,High Value
C0521,Contractor,Madurai,472,6,66,16,375016,11,31007,31621,1.98,4,Regular
C0522,Dealer,Erode,502,9,55,8,686282,2,25000,24435,-2.26,2,Low Value
C0523,Retailer,Coimbatore,320,2,156,8,580317,2,42915,44164,2.91,1,Low Value
C0524,Retailer,Madurai,378,8,48,9,571932,6,25000,23665,-5.34,1,Low Value
C0525,Retailer,Chennai,631,9,67,11,743926,1,33636,33444,-0.57,2,Low Value
C0526,Contractor,Trichy,873,11,63,6,998147,2,48898,59211,21.09,2,High Value
C0527,Contractor,Trichy,417,5,80,15,659231,10,35200,41314,17.37,2,Regular
C0528,Dealer,Coimbatore,351,4,85,11,316446,7,29632,31120,5.02,2,Low Value
C0529,Dealer,Tirunelveli,450,8,61,3,540078,4,25000,28153,12.61,2,Regular
C0530,Retailer,Chennai,626,8,73,1,648777,6,49852,53895,8.11,2,Regular
C0531,Retailer,Coimbatore,203,1,216,21,119406,7,43434,38144,-12.18,2,Low Value
C0532,Retailer,Salem,127,1,112,9,155545,2,25000,25048,0.19,2,Low Value
C0533,Retailer,Salem,332,4,93,2,538127,3,31434,33336,6.05,5,Low Value
C0534,Contractor,Trichy,230,3,75,5,374492,11,25000,25640,2.56,0,Low Value
C0535,Retailer,Coimbatore,340,4,92,14,489317,6,29388,29223,-0.56,2,Low Value
C0536,Retailer,Madurai,415,7,60,7,529327,6,25134,27848,10.8,1,Regular
C0537,Retailer,Trichy,351,1,300,7,448149,5,80166,76470,-4.61,3,Low Value
C0538,Dealer,Salem,1000,12,80,12,972929,1,60477,65920,9.0,2,Regular
C0539,Contractor,Trichy,539,3,171,9,532009,3,73898,72679,-1.65,4,Low Value
C0540,Dealer,Chennai,531,8,78,11,645391,6,35233,37527,6.51,2,Regular
C0541,Retailer,Salem,634,7,90,12,731202,3,52599,52262,-0.64,1,Low Value
C0542,Contractor,Madurai,241,4,62,4,366273,2,25000,23638,-5.45,1,Low Value
C0543,Dealer,Chennai,797,8,110,5,831850,2,70593,75231,6.57,2,Regular
C0544,Contractor,Trichy,432,8,46,4,492909,11,25000,26227,4.91,0,Regular
C0545,Contractor,Erode,651,10,70,5,1127283,3,45044,44238,-1.79,5,Regular
C0546,Dealer,Chennai,250,4,58,7,444314,10,25000,25602,2.41,3,Low Value
C0547,Dealer,Tirunelveli,191,2,94,7,310928,6,25000,26955,7.82,1,Low Value
C0548,Contractor,Chennai,706,9,79,18,755115,4,43563,47397,8.8,4,Regular
C0549,Contractor,Madurai,554,5,99,9,551754,3,49728,57948,16.53,0,Regular
C0550,Retailer,Salem,274,5,49,7,352204,7,25000,27655,10.62,2,Low Value
C0551,Contractor,Erode,279,7,51,3,431289,9,25000,27062,8.25,0,Regular
C0552,Retailer,Chennai,836,12,77,6,703948,8,64454,74006,14.82,4,High Value
C0553,Contractor,Tirunelveli,234,1,233,22,97573,2,52826,50766,-3.9,4,Low Value
C0554,Contractor,Dindigul,1111,14,81,22,1110924,3,75815,91835,21.13,2,Regular
C0555,Retailer,Trichy,274,1,272,6,344757,4,66146,64605,-2.33,2,Low Value
C0556,Contractor,Trichy,639,9,82,2,697437,1,52168,49565,-4.99,3,Low Value
C0557,Dealer,Salem,376,5,74,5,631975,6,30449,32580,7.0,1,Regular
C0558,Dealer,Coimbatore,627,4,159,18,478062,7,104806,103999,-0.77,4,Low Value
C0559,Retailer,Dindigul,334,2,176,7,292739,7,57100,54747,-4.12,0,Low Value
C0560,Contractor,Erode,411,4,97,12,654761,6,35678,36773,3.07,3,Low Value
C0561,Contractor,Coimbatore,460,5,104,7,541734,4,42866,44452,3.7,0,Low Value
C0562,Dealer,Trichy,259,1,247,2,413331,3,70483,63829,-9.44,5,Low Value
C0563,Dealer,Tirunelveli,676,9,88,8,1003750,4,45550,50169,10.14,1,Regular
C0564,Dealer,Trichy,339,4,82,13,327893,6,31834,34400,8.06,2,Low Value
C0565,Dealer,Dindigul,397,4,97,5,448532,10,39116,38146,-2.48,1,Low Value
C0566,Contractor,Coimbatore,260,2,115,13,287309,5,30571,33047,8.1,1,Low Value
C0567,Dealer,Salem,110,3,33,8,50000,5,25000,21458,-14.17,4,Low Value
C0568,Contractor,Madurai,405,8,42,13,478002,1,25000,28958,15.83,1,Regular
C0569,Retailer,Salem,1696,19,84,10,1850327,6,134473,173618,29.11,5,High Value
C0570,Dealer,Chennai,693,7,98,3,812921,11,53809,61197,13.73,1,Regular
C0571,Contractor,Chennai,445,6,82,6,599540,4,31424,28583,-9.04,0,Low Value
C0572,Retailer,Trichy,389,4,99,6,408589,4,42598,43676,2.53,1,Low Value
C0573,Dealer,Tirunelveli,456,5,94,5,443868,4,41578,44168,6.23,1,Regular
C0574,Contractor,Dindigul,608,9,59,9,852111,7,32836,35378,7.74,0,Regular
C0575,Retailer,Trichy,235,1,228,25,227072,1,41743,38040,-8.87,4,Low Value
C0576,Retailer,Madurai,831,12,84,15,960640,10,72292,77092,6.64,1,High Value
C0577,Dealer,Madurai,667,8,77,17,757550,4,52958,60944,15.08,3,Regular
C0578,Retailer,Salem,668,7,109,4,902206,6,72493,80061,10.44,3,Regular
C0579,Contractor,Chennai,573,7,80,17,762619,8,43736,51285,17.26,3,Regular
C0580,Dealer,Chennai,455,5,91,20,366319,2,38238,37294,-2.47,3,Low Value
C0581,Contractor,Trichy,652,4,172,4,534694,5,110721,117896,6.48,2,Regular
C0582,Retailer,Coimbatore,623,10,72,10,794019,4,37830,42805,13.15,4,Regular
C0583,Contractor,Chennai,370,4,92,10,429779,2,38346,34419,-10.24,4,Low Value
C0584,Dealer,Chennai,328,5,62,6,359179,9,25000,23715,-5.14,3,Low Value
C0585,Contractor,Erode,476,8,59,9,697475,4,25000,28010,12.04,3,Regular
C0586,Dealer,Madurai,1055,10,108,11,1114245,2,105950,114384,7.96,1,Regular
C0587,Dealer,Salem,228,4,64,7,323095,5,25000,21705,-13.18,1,Low Value
C0588,Dealer,Coimbatore,201,2,101,15,363429,1,25000,27300,9.2,5,Low Value
C0589,Dealer,Coimbatore,493,7,75,3,533037,3,32062,30687,-4.29,3,Regular
C0590,Dealer,Salem,463,1,300,6,668772,6,141928,151295,6.6,1,Low Value
C0591,Dealer,Salem,495,6,86,12,473184,1,37300,38669,3.67,0,Low Value
C0592,Contractor,Erode,515,5,105,23,651581,7,57698,48512,-15.92,2,Low Value
C0593,Dealer,Madurai,398,6,54,15,657360,5,25000,25005,0.02,2,Low Value
C0594,Dealer,Madurai,1021,13,57,8,933575,8,61402,74413,21.19,2,High Value
C0595,Retailer,Salem,187,1,190,7,204750,8,27619,28221,2.18,1,Low Value
C0596,Contractor,Chennai,285,2,142,6,478315,3,30556,32582,6.63,2,Low Value
C0597,Contractor,Trichy,425,5,81,6,635119,3,38187,38454,0.7,2,Low Value
C0598,Dealer,Madurai,182,1,184,1,221121,6,32903,34532,4.95,1,Low Value
C0599,Dealer,Madurai,409,6,68,22,406489,2,25000,23750,-5.0,4,Low Value
C0600,Dealer,Dindigul,1122,12,103,7,1287412,2,97427,105708,8.5,2,Regular
C0601,Dealer,Trichy,455,1,300,4,615776,3,136057,129744,-4.64,3,Low Value
C0602,Dealer,Coimbatore,511,5,96,10,429590,2,46780,43983,-5.98,0,Low Value
C0603,Dealer,Trichy,225,1,233,4,133780,2,60113,63750,6.05,4,Low Value
C0604,Dealer,Coimbatore,321,1,300,14,386881,2,110098,97668,-11.29,2,Low Value
C0605,Dealer,Madurai,366,2,187,4,485623,4,68716,71966,4.73,2,Low Value
C0606,Contractor,Chennai,378,5,72,13,420412,4,25233,25132,-0.4,3,Low Value
C0607,Dealer,Madurai,911,13,65,6,1086865,9,56044,64787,15.6,2,High Value
C0608,Dealer,Tirunelveli,612,8,77,9,605984,4,48207,56368,16.93,0,Regular
C0609,Contractor,Trichy,244,2,122,13,52637,4,25000,23852,-4.59,1,Low Value
C0610,Contractor,Chennai,515,7,77,5,545882,13,34950,39626,13.38,1,Regular
C0611,Dealer,Dindigul,592,6,97,13,657788,1,44797,47229,5.43,1,Regular
C0612,Retailer,Salem,842,9,79,1,865599,5,51840,58693,13.22,2,Regular
C0613,Contractor,Chennai,1073,10,104,19,968018,4,92436,121942,31.92,3,High Value
C0614,Dealer,Coimbatore,257,1,263,15,87572,6,63813,56806,-10.98,1,Low Value
C0615,Retailer,Coimbatore,288,3,94,7,294109,3,28802,31455,9.21,3,Low Value
C0616,Retailer,Salem,225,3,73,16,409969,4,25000,25527,2.11,0,Low Value
C0617,Dealer,Erode,396,4,107,15,610344,10,37465,37555,0.24,1,Low Value
C0618,Dealer,Salem,582,6,91,8,784226,6,41466,49345,19.0,1,Regular
C0619,Retailer,Chennai,775,7,98,8,719841,4,73680,72391,-1.75,2,Regular
C0620,Contractor,Tirunelveli,432,6,71,4,375755,3,26332,26406,0.28,1,Regular
C0621,Dealer,Chennai,377,2,185,8,479046,2,69464,64727,-6.82,3,Low Value
C0622,Dealer,Madurai,489,7,62,2,650862,3,34589,37508,8.44,1,Regular
C0623,Dealer,Chennai,284,1,283,13,376420,4,63858,58481,-8.42,3,Low Value
C0624,Contractor,Erode,1420,15,99,13,1220312,13,117363,153511,30.8,5,High Value
C0625,Contractor,Trichy,186,1,186,2,141074,5,32494,31916,-1.78,0,Low Value
C0626,Dealer,Salem,498,5,102,18,554737,3,57778,57501,-0.48,1,Low Value
C0627,Contractor,Trichy,1370,18,91,5,1513966,1,131991,167114,26.61,2,High Value
C0628,Contractor,Chennai,452,6,73,38,623277,3,36602,35273,-3.63,5,Low Value
C0629,Dealer,Madurai,405,7,60,9,520560,3,25000,23702,-5.19,0,Low Value
C0630,Dealer,Chennai,370,5,70,18,489194,6,29703,35849,20.69,1,Regular
C0631,Contractor,Tirunelveli,407,3,129,4,467134,3,41537,41520,-0.04,1,Low Value
C0632,Retailer,Coimbatore,957,11,82,6,1102724,13,60518,62461,3.21,0,Regular
C0633,Contractor,Salem,133,1,129,5,237594,4,25000,22890,-8.44,1,Low Value
C0634,Contractor,Tirunelveli,1046,15,73,2,1151989,9,85590,95142,11.16,2,High Value
C0635,Dealer,Erode,206,1,225,3,229896,1,36442,37962,4.17,1,Low Value
C0636,Contractor,Trichy,389,6,59,7,487405,5,25000,26348,5.39,3,Low Value
C0637,Contractor,Coimbatore,355,6,56,10,506901,3,25000,25982,3.93,2,Low Value
C0638,Dealer,Madurai,622,11,56,3,767797,9,27580,29742,7.84,1,High Value
C0639,Dealer,Erode,187,1,190,6,291649,4,29624,28593,-3.48,2,Low Value
C0640,Dealer,Erode,580,8,75,4,825127,10,49504,53004,7.07,2,High Value
C0641,Dealer,Chennai,1370,20,79,7,1511320,7,110086,137685,25.07,1,High Value
C0642,Dealer,Dindigul,213,1,194,12,190170,3,43860,45382,3.47,3,Low Value
C0643,Dealer,Chennai,499,3,147,8,641183,2,77788,83000,6.7,1,Low Value
C0644,Dealer,Salem,313,1,300,5,189106,3,90522,94695,4.61,1,Low Value
C0645,Dealer,Madurai,569,8,80,15,524880,4,48661,52963,8.84,2,Regular
C0646,Retailer,Tirunelveli,455,2,215,10,526052,7,96683,107270,10.95,2,Low Value
C0647,Contractor,Madurai,316,3,81,8,441568,5,25000,25838,3.35,2,Low Value
C0648,Contractor,Dindigul,589,8,78,3,522244,8,44768,50077,11.86,0,Regular
C0649,Retailer,Tirunelveli,1214,15,83,14,1240962,11,97074,126808,30.63,3,High Value
C0650,Contractor,Salem,405,6,59,10,418520,5,25792,25351,-1.71,0,Low Value
C0651,Dealer,Madurai,669,8,76,11,681249,2,58099,59029,1.6,3,Low Value
C0652,Contractor,Coimbatore,221,5,36,6,436082,6,25000,22908,-8.37,2,Low Value
C0653,Contractor,Trichy,266,1,267,6,397881,14,74954,78709,5.01,1,Regular
C0654,Contractor,Coimbatore,584,6,92,22,641105,8,42440,39401,-7.16,3,Low Value
C0655,Contractor,Madurai,1018,10,106,6,994785,6,114462,138362,20.88,1,High Value
C0656,Dealer,Erode,547,8,46,3,473992,2,25000,26388,5.55,1,Regular
C0657,Dealer,Chennai,379,6,56,9,639572,4,25000,27535,10.14,0,Low Value
C0658,Dealer,Coimbatore,450,6,66,8,600554,1,26590,26114,-1.79,2,Low Value
C0659,Contractor,Coimbatore,226,5,43,15,242300,2,25000,23900,-4.4,2,Low Value
C0660,Contractor,Coimbatore,627,5,121,7,754302,6,60519,70583,16.63,6,Regular
C0661,Dealer,Chennai,731,12,67,12,831923,1,54835,64771,18.12,1,High Value
C0662,Retailer,Chennai,351,7,35,19,422897,4,25000,23755,-4.98,3,Low Value
C0663,Contractor,Erode,347,6,58,10,494175,2,25000,25470,1.88,1,Low Value
C0664,Dealer,Chennai,521,10,57,3,548870,2,30673,33065,7.8,1,Regular
C0665,Dealer,Erode,354,1,300,10,346649,5,93656,97805,4.43,2,Low Value
C0666,Dealer,Dindigul,434,4,105,6,506475,3,41300,42035,1.78,2,Low Value
C0667,Dealer,Trichy,1428,15,98,9,1408866,2,146427,195890,33.78,1,High Value
C0668,Dealer,Erode,393,6,51,8,561340,3,25000,22280,-10.88,3,Low Value
C0669,Dealer,Madurai,370,2,166,3,637788,1,62566,61990,-0.92,0,Low Value
C0670,Dealer,Tirunelveli,315,5,70,7,312234,10,25000,26595,6.38,4,Regular
C0671,Dealer,Coimbatore,678,11,62,3,583485,7,39729,45363,14.18,0,Regular
C0672,Retailer,Dindigul,407,6,77,5,252741,7,35913,40962,14.06,2,Regular
C0673,Dealer,Dindigul,315,4,68,14,372694,3,25000,26980,7.92,2,Low Value
C0674,Contractor,Tirunelveli,931,9,108,8,894770,6,92217,104528,13.35,0,Regular
C0675,Contractor,Tirunelveli,982,10,113,11,1054643,5,96177,119923,24.69,1,High Value
C0676,Retailer,Coimbatore,323,6,57,8,437462,3,25000,23948,-4.21,2,Low Value
C0677,Dealer,Madurai,161,3,56,6,55464,4,25000,26102,4.41,1,Low Value
C0678,Dealer,Coimbatore,783,9,87,9,630764,1,59059,72524,22.8,2,Regular
C0679,Retailer,Trichy,309,3,90,2,409162,2,25000,27428,9.71,1,Low Value
C0680,Retailer,Salem,695,4,185,13,730001,4,97019,105984,9.24,3,Low Value
C0681,Retailer,Coimbatore,152,1,147,4,165102,3,25000,23848,-4.61,3,Low Value
C0682,Dealer,Erode,735,12,65,11,644893,6,43673,43564,-0.25,0,Regular
C0683,Dealer,Salem,231,1,218,6,339917,3,57678,58416,1.28,1,Low Value
C0684,Contractor,Dindigul,673,8,75,3,895678,4,47342,48294,2.01,1,Regular
C0685,Retailer,Madurai,454,7,76,5,578258,5,29417,29238,-0.61,1,Regular
C0686,Contractor,Dindigul,266,1,263,11,211403,3,77408,70170,-9.35,2,Low Value
C0687,Contractor,Erode,360,5,84,27,446346,4,28620,27281,-4.68,4,Low Value
C0688,Dealer,Chennai,656,10,65,7,588666,5,42200,45943,8.87,2,Regular
C0689,Retailer,Chennai,477,6,65,25,679405,11,25000,26468,5.87,6,Regular
C0690,Dealer,Tirunelveli,621,13,55,2,768671,3,30848,32171,4.29,0,Regular
C0691,Dealer,Trichy,1334,12,106,6,1140721,3,159460,209052,31.1,1,High Value
C0692,Contractor,Chennai,190,4,53,7,248419,8,25000,24575,-1.7,2,Low Value
C0693,Contractor,Coimbatore,1095,13,84,11,1217346,9,81660,93084,13.99,0,High Value
C0694,Dealer,Madurai,477,7,56,5,524484,7,26719,28784,7.73,2,Regular
C0695,Dealer,Coimbatore,274,4,70,10,322793,9,25000,28795,15.18,1,Regular
C0696,Contractor,Madurai,216,1,234,7,123672,3,43447,43855,0.94,1,Low Value
C0697,Dealer,Madurai,406,5,85,17,548085,9,32855,33042,0.57,3,Regular
C0698,Contractor,Madurai,747,5,149,9,692134,7,126159,127093,0.74,1,Regular
C0699,Dealer,Erode,420,6,79,36,245227,2,27173,26092,-3.98,3,Low Value
C0700,Contractor,Chennai,1033,13,81,7,1064499,4,86841,103115,18.74,3,High Value
C0701,Contractor,Erode,203,4,52,16,413288,1,25000,23318,-6.73,2,Low Value
C0702,Dealer,Coimbatore,447,7,55,19,492518,5,25123,22764,-9.39,4,Low Value
C0703,Dealer,Coimbatore,226,3,77,1,511658,9,25000,24010,-3.96,3,Low Value
C0704,Dealer,Chennai,550,7,87,12,677976,3,41895,48301,15.29,3,Regular
C0705,Dealer,Coimbatore,733,7,98,6,822701,2,73535,88205,19.95,3,Regular
C0706,Retailer,Madurai,357,3,130,3,399042,2,38809,37214,-4.11,4,Low Value
C0707,Dealer,Salem,107,4,26,17,205756,5,25000,24945,-0.22,2,Low Value
C0708,Retailer,Trichy,502,9,49,5,578089,7,25000,24615,-1.54,5,Regular
C0709,Dealer,Salem,572,6,103,2,596928,12,44383,53428,20.38,3,High Value
C0710,Contractor,Salem,562,7,78,9,700404,1,49886,53348,6.94,3,Regular
C0711,Retailer,Madurai,888,9,105,19,825500,11,86031,103934,20.81,1,High Value
C0712,Contractor,Madurai,250,5,48,3,218393,5,25000,22190,-11.24,4,Low Value
C0713,Contractor,Tirunelveli,654,9,72,14,604117,8,37959,43106,13.56,0,Regular
C0714,Contractor,Chennai,867,14,66,1,1225429,7,56361,65086,15.48,1,High Value
C0715,Dealer,Madurai,169,1,171,19,294291,5,25000,25512,2.05,3,Low Value
C0716,Retailer,Erode,536,6,73,10,639139,5,41712,46830,12.27,2,Regular
C0717,Retailer,Madurai,341,4,76,3,285948,6,27561,28553,3.6,1,Low Value
C0718,Retailer,Salem,430,6,79,13,587301,4,27008,26579,-1.59,4,Low Value
C0719,Dealer,Erode,545,6,90,5,596261,4,54682,61282,12.07,4,Regular
C0720,Contractor,Trichy,344,2,168,4,417100,7,47843,49254,2.95,3,Low Value
C0721,Retailer,Madurai,310,5,51,5,281306,3,25000,23732,-5.07,2,Low Value
C0722,Dealer,Madurai,459,7,57,12,568382,9,29937,29563,-1.25,1,Regular
C0723,Dealer,Coimbatore,247,1,231,3,246090,8,62932,57526,-8.59,3,Low Value
C0724,Contractor,Madurai,248,6,41,1,265927,3,25000,24202,-3.19,2,Regular
C0725,Contractor,Salem,654,10,61,5,838993,7,35388,41687,17.8,1,High Value
C0726,Retailer,Madurai,239,3,72,17,129625,6,25000,24900,-0.4,1,Low Value
C0727,Dealer,Chennai,649,8,81,17,790423,3,43387,44558,2.7,4,Low Value
C0728,Retailer,Erode,580,8,75,5,746138,7,41334,47150,14.07,4,Regular
C0729,Dealer,Tirunelveli,174,1,191,5,129343,11,35470,33693,-5.01,5,Low Value
C0730,Dealer,Salem,310,4,65,5,288061,9,25000,25952,3.81,0,Low Value
C0731,Dealer,Coimbatore,868,6,154,4,858037,2,135529,151806,12.01,1,Regular
C0732,Retailer,Salem,262,5,60,5,391544,6,25000,26620,6.48,0,Regular
C0733,Contractor,Chennai,349,1,300,9,365307,8,92815,85288,-8.11,1,Low Value
C0734,Contractor,Coimbatore,580,10,60,18,740027,3,35314,34873,-1.25,1,Regular
C0735,Dealer,Madurai,692,7,95,3,958758,9,61585,61905,0.52,1,Regular
C0736,Retailer,Dindigul,392,4,99,4,395274,3,41711,42220,1.22,0,Low Value
C0737,Dealer,Coimbatore,324,3,120,10,180578,4,31585,34516,9.28,4,Low Value
C0738,Retailer,Trichy,984,11,94,12,1142511,3,98599,109662,11.22,1,Regular
C0739,Contractor,Coimbatore,1171,17,73,2,1476348,2,66309,77442,16.79,0,High Value
C0740,Dealer,Coimbatore,771,4,189,22,825482,6,120600,139148,15.38,1,Regular
C0741,Contractor,Dindigul,472,8,47,6,441670,2,25000,27897,11.59,1,Regular
C0742,Dealer,Tirunelveli,289,4,71,2,353783,4,25000,25210,0.84,2,Low Value
C0743,Contractor,Tirunelveli,285,1,295,2,195027,6,71554,76470,6.87,5,Low Value
C0744,Contractor,Madurai,600,5,108,2,722143,3,57081,57355,0.48,2,Regular
C0745,Dealer,Coimbatore,566,10,48,16,513945,10,26213,30627,16.84,4,High Value
C0746,Retailer,Chennai,973,10,98,8,986035,4,79585,103954,30.62,2,High Value
C0747,Dealer,Madurai,644,5,121,16,561879,12,83726,94845,13.28,1,Regular
C0748,Contractor,Trichy,197,5,33,7,317669,1,25000,20720,-17.12,2,Low Value
C0749,Retailer,Tirunelveli,803,10,77,16,833589,6,49967,53545,7.16,1,Regular
C0750,Contractor,Madurai,260,1,249,7,329211,5,60566,63328,4.56,1,Low Value
C0751,Dealer,Chennai,364,5,65,11,447082,4,25078,24717,-1.44,1,Low Value
C0752,Retailer,Trichy,516,4,135,7,443201,5,61644,70804,14.86,5,Low Value
C0753,Contractor,Madurai,1349,18,64,7,1512875,7,86616,111977,29.28,2,High Value
C0754,Dealer,Trichy,1800,20,77,4,1839148,7,106734,139587,30.78,1,High Value
C0755,Dealer,Erode,628,8,73,12,586177,4,45545,48924,7.42,3,Low Value
C0756,Retailer,Tirunelveli,407,6,74,3,761861,6,25000,24588,-1.65,5,Regular
C0757,Contractor,Erode,604,11,53,12,777572,3,34644,36387,5.03,1,Regular
C0758,Contractor,Chennai,733,9,78,8,787659,8,51009,54972,7.77,3,Regular
C0759,Retailer,Madurai,377,2,189,12,589275,11,61464,69018,12.29,1,Low Value
C0760,Retailer,Chennai,1208,15,67,9,1502818,8,87925,120317,36.84,3,High Value
C0761,Dealer,Chennai,511,10,55,17,611908,3,25000,23332,-6.67,6,Regular
C0762,Dealer,Dindigul,592,5,121,10,679888,2,65088,60265,-7.41,2,Low Value
C0763,Dealer,Madurai,649,7,89,8,592090,17,51869,57689,11.22,1,Regular
C0764,Contractor,Chennai,567,8,79,1,635287,10,38698,38423,-0.71,1,Regular
C0765,Dealer,Madurai,714,8,80,17,754012,7,63672,69772,9.58,3,Regular
C0766,Contractor,Coimbatore,320,2,169,2,393179,11,56804,62394,9.84,2,Regular
C0767,Retailer,Tirunelveli,331,6,56,2,468281,5,25000,28300,13.2,3,Regular
C0768,Retailer,Chennai,246,8,28,13,447279,7,25000,25248,0.99,5,Low Value
C0769,Dealer,Coimbatore,573,7,82,8,674567,10,45150,48509,7.44,2,Regular
C0770,Retailer,Coimbatore,691,6,114,2,589061,4,87466,84448,-3.45,3,Regular
C0771,Dealer,Chennai,579,4,155,5,502534,6,78543,85023,8.25,0,Regular
C0772,Retailer,Tirunelveli,1130,14,72,17,1137931,9,79706,95408,19.7,4,High Value
C0773,Dealer,Dindigul,449,7,58,9,506781,2,25000,26882,7.53,1,Regular
C0774,Dealer,Erode,650,9,81,8,861593,4,49798,51516,3.45,5,Low Value
C0775,Retailer,Tirunelveli,247,3,78,4,181397,9,25000,24718,-1.13,4,Low Value
C0776,Dealer,Coimbatore,364,3,129,13,377510,5,39079,35621,-8.85,2,Low Value
C0777,Dealer,Salem,660,6,124,7,822361,5,86119,80194,-6.88,3,Low Value
C0778,Contractor,Coimbatore,718,10,69,12,769315,5,46101,46926,1.79,1,Regular
C0779,Contractor,Trichy,383,6,69,4,527800,9,29953,28141,-6.05,2,Regular
C0780,Contractor,Dindigul,433,2,207,27,450305,2,76574,77968,1.82,4,Low Value
C0781,Contractor,Madurai,195,5,45,19,331564,3,25000,23085,-7.66,3,Low Value
C0782,Contractor,Erode,370,6,63,9,434083,2,26254,25606,-2.47,0,Low Value
C0783,Dealer,Chennai,734,11,71,10,910948,4,52916,54514,3.02,2,Regular
C0784,Dealer,Salem,617,5,118,5,474043,5,79978,68725,-14.07,0,Regular
C0785,Dealer,Salem,593,4,135,12,583453,1,86539,100325,15.93,2,Regular
C0786,Retailer,Dindigul,462,5,96,1,563289,3,39653,38911,-1.87,1,Regular
C0787,Contractor,Salem,452,6,59,22,595243,5,26403,26126,-1.05,2,Low Value
C0788,Contractor,Salem,313,7,42,12,604204,6,25000,22678,-9.29,4,Low Value
C0789,Contractor,Madurai,661,9,81,3,697927,13,51625,61692,19.5,1,High Value
C0790,Retailer,Chennai,567,6,96,21,806488,7,45841,48715,6.27,3,Low Value
C0791,Dealer,Madurai,590,5,134,26,557417,4,82815,81200,-1.95,1,Low Value
C0792,Contractor,Tirunelveli,337,6,64,10,592888,5,25000,24672,-1.31,2,Low Value
C0793,Contractor,Chennai,138,1,133,4,302396,5,25000,27460,9.84,1,Low Value
C0794,Contractor,Salem,823,13,64,8,820935,3,45167,50312,11.39,2,Regular
C0795,Dealer,Madurai,346,4,86,11,453945,6,34204,34389,0.54,0,Low Value
C0796,Retailer,Madurai,280,6,34,10,378852,3,25000,23220,-7.12,5,Low Value
C0797,Retailer,Salem,659,9,66,3,818220,6,33378,32357,-3.06,4,Regular
C0798,Contractor,Madurai,363,4,86,11,404757,5,26126,26314,0.72,5,Low Value
C0799,Contractor,Madurai,806,8,84,16,819230,4,77076,86872,12.71,2,Regular
C0800,Retailer,Madurai,632,7,91,3,860491,4,65661,76561,16.6,1,Regular
C0801,Contractor,Erode,655,9,71,3,727903,8,47062,44747,-4.92,3,Regular
C0802,Dealer,Tirunelveli,212,3,57,5,390371,7,25000,23098,-7.61,3,Low Value
C0803,Contractor,Coimbatore,876,9,101,7,900558,4,73929,80982,9.54,0,Regular
C0804,Contractor,Trichy,520,6,92,14,789000,7,54481,57456,5.46,1,Regular
C0805,Contractor,Coimbatore,367,4,94,16,353550,5,27844,27847,0.01,3,Low Value
C0806,Contractor,Tirunelveli,487,1,300,4,427253,5,115485,121259,5.0,2,Regular
C0807,Retailer,Salem,169,3,61,9,437592,3,25000,25010,0.04,3,Low Value
C0808,Retailer,Trichy,563,5,118,16,560156,12,65056,66038,1.51,3,Regular
C0809,Contractor,Trichy,255,1,257,28,495879,11,69624,73119,5.02,2,Low Value
C0810,Dealer,Madurai,214,1,207,9,375921,3,39721,40206,1.22,2,Low Value
C0811,Retailer,Salem,195,1,197,9,234192,4,43838,42027,-4.13,1,Low Value
C0812,Retailer,Tirunelveli,830,7,128,10,646905,6,98141,121646,23.95,3,Regular
C0813,Dealer,Trichy,318,2,154,6,366982,7,39676,44965,13.33,6,Low Value
C0814,Retailer,Madurai,1046,16,82,9,1168296,2,80316,98668,22.85,1,High Value
C0815,Retailer,Madurai,335,3,107,1,535816,2,36620,29600,-19.17,2,Low Value
C0816,Contractor,Erode,176,2,88,5,439214,1,25000,27102,8.41,5,Low Value
C0817,Contractor,Trichy,244,4,56,11,248202,7,25000,26365,5.46,2,Low Value
C0818,Dealer,Tirunelveli,888,11,83,4,1057942,1,72778,92726,27.41,0,High Value
C0819,Dealer,Salem,413,5,69,14,577898,3,25000,27592,10.37,4,Regular
C0820,Dealer,Coimbatore,333,2,162,2,510860,8,54397,62497,14.89,1,Regular
C0821,Retailer,Trichy,491,9,46,14,660193,8,25847,28778,11.34,1,Regular
C0822,Dealer,Madurai,593,11,55,14,477950,12,25101,29694,18.3,0,High Value
C0823,Dealer,Salem,832,6,147,28,835549,14,135098,170642,26.31,1,Regular
C0824,Dealer,Tirunelveli,998,10,105,6,904615,20,102161,126281,23.61,3,High Value
C0825,Contractor,Salem,369,4,73,8,412337,4,25000,22788,-8.85,3,Low Value
C0826,Retailer,Chennai,217,1,233,20,389051,3,57233,53868,-5.88,3,Low Value
C0827,Dealer,Madurai,358,5,74,19,475918,6,25000,25842,3.37,2,Low Value
C0828,Dealer,Erode,519,5,98,15,713921,2,44895,46718,4.06,1,Low Value
C0829,Contractor,Tirunelveli,265,7,39,10,425260,4,25000,22690,-9.24,3,Low Value
C0830,Contractor,Trichy,266,6,46,20,217301,5,25000,21660,-13.36,1,Low Value
C0831,Dealer,Erode,544,7,72,35,318898,6,42424,41024,-3.3,4,Low Value
C0832,Contractor,Chennai,438,7,64,12,549157,7,27913,30615,9.68,4,Regular
C0833,Dealer,Chennai,458,8,52,8,534629,4,26562,30599,15.2,0,Regular
C0834,Dealer,Tirunelveli,297,2,145,13,234217,2,36295,38248,5.38,2,Low Value
C0835,Contractor,Tirunelveli,396,3,127,9,243525,2,40156,43882,9.28,1,Low Value
C0836,Contractor,Salem,271,3,79,6,253181,1,25000,24682,-1.27,1,Low Value
C0837,Retailer,Madurai,734,10,75,14,795561,3,52471,50713,-3.35,2,Regular
C0838,Dealer,Coimbatore,795,10,84,5,950655,2,76752,83107,8.28,1,High Value
C0839,Contractor,Erode,163,1,167,12,248186,3,27983,26500,-5.3,4,Low Value
C0840,Contractor,Trichy,270,2,142,2,521468,6,33485,32902,-1.74,2,Low Value
C0841,Dealer,Coimbatore,198,2,102,22,143028,2,25000,23880,-4.48,3,Low Value
C0842,Contractor,Coimbatore,315,4,74,4,496477,5,25000,26280,5.12,4,Low Value
C0843,Dealer,Coimbatore,430,9,54,2,554176,4,25000,27642,10.57,3,Regular
C0844,Retailer,Salem,203,1,192,18,342910,6,41967,40045,-4.58,2,Low Value
C0845,Dealer,Erode,271,4,61,21,300968,7,25000,21342,-14.63,3,Low Value
C0846,Contractor,Trichy,259,6,35,10,495752,4,25000,23995,-4.02,3,Low Value
C0847,Dealer,Madurai,504,10,59,7,658827,5,25000,26500,6.0,2,Regular
C0848,Retailer,Trichy,467,5,101,6,450417,4,44216,50079,13.26,2,Regular
C0849,Contractor,Dindigul,303,5,64,9,391107,3,25000,24048,-3.81,3,Low Value
C0850,Contractor,Salem,496,7,79,8,551853,3,33916,36704,8.22,1,Regular
C0851,Dealer,Trichy,333,4,76,7,464751,6,25000,26068,4.27,1,Low Value
C0852,Contractor,Tirunelveli,388,4,100,4,311227,10,40930,43267,5.71,6,Regular
C0853,Dealer,Dindigul,1130,14,80,3,1199978,10,103602,133211,28.58,0,High Value
C0854,Retailer,Dindigul,941,6,164,8,994287,2,163756,179395,9.55,1,Regular
C0855,Dealer,Erode,220,4,54,9,313963,10,25000,24185,-3.26,3,Low Value
C0856,Dealer,Trichy,710,9,76,4,948133,2,45754,50178,9.67,1,Regular
C0857,Dealer,Tirunelveli,703,8,92,5,861433,5,54138,57381,5.99,1,Regular
C0858,Contractor,Chennai,239,7,41,9,361252,6,25000,25838,3.35,2,Low Value
C0859,Contractor,Dindigul,706,7,96,4,785103,1,65779,68627,4.33,1,Regular
C0860,Dealer,Salem,1048,12,87,16,1145280,4,90461,106192,17.39,2,High Value
C0861,Retailer,Tirunelveli,243,7,26,11,413946,11,25000,25142,0.57,2,Low Value
C0862,Contractor,Salem,272,2,116,4,111121,1,32249,32630,1.18,1,Low Value
C0863,Contractor,Trichy,788,8,100,11,804617,18,68314,76928,12.61,0,Regular
C0864,Contractor,Chennai,522,6,92,4,412567,1,42363,43575,2.86,1,Regular
C0865,Contractor,Erode,609,9,70,14,854044,6,43594,46990,7.79,3,Regular
C0866,Contractor,Erode,543,7,62,4,613248,1,29955,32085,7.11,1,Regular
C0867,Dealer,Madurai,558,4,137,7,574099,6,63836,68439,7.21,4,Low Value
C0868,Dealer,Trichy,217,1,199,9,379066,9,38853,43628,12.29,0,Regular
C0869,Retailer,Madurai,801,8,111,20,902529,8,76360,79460,4.06,1,Regular
C0870,Retailer,Salem,856,10,77,4,787164,9,51762,59526,15.0,1,High Value
C0871,Dealer,Tirunelveli,397,6,76,4,475941,4,32648,30196,-7.51,1,Low Value
C0872,Dealer,Trichy,439,6,81,2,479930,2,38804,41404,6.7,0,Regular
C0873,Contractor,Chennai,194,1,187,24,50000,11,30397,27366,-9.97,3,Low Value
C0874,Contractor,Dindigul,597,9,57,8,607617,15,26403,28814,9.13,2,Regular
C0875,Dealer,Tirunelveli,616,8,80,16,672575,5,51524,53559,3.95,2,Low Value
C0876,Dealer,Chennai,435,8,48,5,526956,4,25000,26532,6.13,1,Regular
C0877,Contractor,Chennai,835,11,77,5,738882,3,58340,63497,8.84,3,High Value
C0878,Contractor,Chennai,374,7,50,8,615100,8,25000,24875,-0.5,5,Low Value
C0879,Dealer,Trichy,614,8,63,8,680648,9,32513,38824,19.41,1,Regular
C0880,Dealer,Chennai,257,6,25,12,369956,4,25000,25235,0.94,4,Low Value
C0881,Dealer,Salem,444,6,76,8,572477,12,36165,37141,2.7,1,Regular
C0882,Contractor,Dindigul,409,5,77,6,388081,7,26228,26936,2.7,3,Low Value
C0883,Dealer,Salem,509,11,42,24,694413,5,25000,28565,14.26,2,Regular
C0884,Dealer,Tirunelveli,367,6,67,4,414901,6,25000,25472,1.89,2,Low Value
C0885,Retailer,Trichy,419,6,79,4,395560,2,25808,25413,-1.53,1,Regular
C0886,Dealer,Chennai,709,6,116,4,818464,8,94323,100963,7.04,3,High Value
C0887,Contractor,Madurai,354,2,174,13,578901,2,62350,60093,-3.62,2,Low Value
C0888,Dealer,Trichy,186,3,66,11,356080,3,25000,23260,-6.96,1,Low Value
C0889,Dealer,Salem,1178,14,73,7,1355057,5,90827,101463,11.71,1,Regular
C0890,Dealer,Erode,962,10,98,4,950224,14,102387,114356,11.69,0,High Value
C0891,Contractor,Madurai,221,3,78,9,107136,6,25000,23398,-6.41,4,Low Value
C0892,Retailer,Coimbatore,658,11,65,14,945117,3,32360,36013,11.29,2,Regular
C0893,Retailer,Tirunelveli,341,5,53,21,671392,6,25000,24308,-2.77,8,Low Value
C0894,Dealer,Trichy,520,4,124,5,750137,7,65251,68944,5.66,1,Regular
C0895,Contractor,Chennai,529,6,81,7,556356,10,38577,45093,16.89,2,Regular
C0896,Dealer,Tirunelveli,396,3,133,11,309044,5,60199,67206,11.64,3,Low Value
C0897,Dealer,Salem,292,3,101,6,231318,3,29969,29513,-1.52,3,Low Value
C0898,Retailer,Trichy,308,3,115,2,170752,16,40117,40787,1.67,3,Low Value
C0899,Dealer,Coimbatore,272,2,132,7,317315,6,29821,28279,-5.17,1,Low Value
C0900,Dealer,Tirunelveli,285,1,281,3,521931,3,87740,92732,5.69,1,Low Value
C0901,Dealer,Chennai,434,5,96,15,486900,5,36604,37065,1.26,4,Low Value
C0902,Dealer,Madurai,304,2,154,6,393679,3,53643,52581,-1.98,1,Low Value
C0903,Dealer,Tirunelveli,655,2,300,7,820822,10,159769,167917,5.1,3,Regular
C0904,Contractor,Madurai,1020,16,66,4,1085509,7,64394,72772,13.01,2,High Value
C0905,Contractor,Tirunelveli,327,6,45,8,669214,4,25000,25868,3.47,3,Low Value
C0906,Retailer,Trichy,513,5,92,18,810101,9,43565,41866,-3.9,3,Regular
C0907,Retailer,Erode,592,7,72,16,646467,4,39949,44999,12.64,0,Regular
C0908,Dealer,Coimbatore,583,5,122,3,561246,5,81407,85013,4.43,2,Regular
C0909,Dealer,Coimbatore,469,9,62,0,665319,3,26755,27938,4.42,1,Regular
C0910,Dealer,Madurai,677,12,71,7,752747,3,47665,47417,-0.52,5,Regular
C0911,Contractor,Coimbatore,587,7,91,6,519163,15,41228,45817,11.13,3,Regular
C0912,Dealer,Dindigul,228,5,55,6,482549,9,25000,24710,-1.16,1,Low Value
C0913,Contractor,Erode,726,9,76,5,946074,1,55687,60827,9.23,2,Regular
C0914,Contractor,Coimbatore,733,6,113,3,788711,2,75508,91176,20.75,2,High Value
C0915,Contractor,Coimbatore,296,3,105,30,211056,2,25000,24280,-2.88,1,Low Value
C0916,Contractor,Salem,459,6,80,24,389607,5,36230,34806,-3.93,5,Low Value
C0917,Dealer,Dindigul,655,7,94,6,728618,4,46489,48302,3.9,3,Low Value
C0918,Retailer,Chennai,401,4,103,9,403865,11,30997,33883,9.31,1,Regular
C0919,Retailer,Coimbatore,812,9,93,15,832269,4,75247,90176,19.84,0,Regular
C0920,Dealer,Coimbatore,1651,19,97,9,1828986,15,132218,180200,36.29,4,High Value
C0921,Retailer,Salem,292,4,83,5,459182,5,25000,26540,6.16,0,Low Value
C0922,Contractor,Madurai,211,1,215,2,431727,16,45878,49640,8.2,1,Regular
C0923,Retailer,Salem,532,5,113,8,468325,4,46378,53669,15.72,1,Regular
C0924,Retailer,Coimbatore,669,5,138,3,662467,4,80815,77647,-3.92,2,Regular
C0925,Contractor,Tirunelveli,396,7,53,17,586678,9,25000,26890,7.56,3,Regular
C0926,Dealer,Madurai,1001,8,131,8,1075619,8,128780,160318,24.49,2,High Value
C0927,Dealer,Chennai,216,5,32,11,502486,2,25000,22038,-11.85,4,Low Value
C0928,Contractor,Chennai,659,11,68,6,817614,5,46535,47982,3.11,1,Regular
C0929,Contractor,Salem,322,3,98,14,606473,4,26889,25297,-5.92,3,Low Value
C0930,Dealer,Madurai,1159,8,147,5,1220952,3,133862,153674,14.8,2,High Value
C0931,Dealer,Chennai,1346,15,83,10,1526560,5,87305,105194,20.49,2,High Value
C0932,Retailer,Chennai,295,3,103,6,322928,4,27968,28687,2.57,2,Low Value
C0933,Retailer,Chennai,333,2,166,7,383764,5,62372,67331,7.95,1,Low Value
C0934,Contractor,Chennai,722,7,90,15,882013,2,54394,62885,15.61,5,Regular
C0935,Dealer,Salem,364,7,55,4,661957,1,25000,23962,-4.15,1,Low Value
C0936,Dealer,Tirunelveli,439,6,69,10,607658,9,25000,24798,-0.81,1,Regular
C0937,Dealer,Trichy,456,4,121,18,500619,10,54747,62193,13.6,1,Regular
C0938,Retailer,Dindigul,157,1,157,14,385730,8,25190,25769,2.3,5,Low Value
C0939,Dealer,Chennai,447,5,93,5,251913,5,41869,44113,5.36,4,Regular
C0940,Contractor,Madurai,308,3,95,11,202132,4,32024,33170,3.58,1,Low Value
C0941,Dealer,Madurai,343,5,64,2,508346,3,25000,25525,2.1,1,Low Value
C0942,Contractor,Coimbatore,996,11,87,15,1055293,3,69649,82297,18.16,5,High Value
C0943,Contractor,Tirunelveli,225,4,63,35,386912,5,25000,23025,-7.9,2,Low Value
C0944,Retailer,Salem,704,12,72,10,825129,9,51447,58073,12.88,1,High Value
C0945,Dealer,Tirunelveli,386,6,58,19,543613,3,25000,22408,-10.37,4,Low Value
C0946,Dealer,Chennai,386,4,105,2,353372,9,39006,39221,0.55,3,Regular
C0947,Dealer,Coimbatore,695,8,70,3,830208,1,49778,52028,4.52,3,Low Value
C0948,Retailer,Madurai,543,6,81,6,727880,6,44201,46177,4.47,2,Low Value
C0949,Retailer,Coimbatore,616,10,54,7,865066,6,36675,37423,2.04,1,Regular
C0950,Contractor,Coimbatore,766,8,85,10,1063727,3,64095,68287,6.54,2,Regular
C0951,Contractor,Madurai,375,5,62,5,483042,2,25000,22882,-8.47,3,Low Value
C0952,Contractor,Trichy,321,4,84,9,428719,8,25000,26538,6.15,3,Low Value
C0953,Dealer,Chennai,248,2,122,15,127019,5,30900,30276,-2.02,2,Low Value
C0954,Retailer,Tirunelveli,286,1,289,11,266331,19,91818,85473,-6.91,2,Low Value
C0955,Contractor,Erode,1800,20,96,6,1821830,10,156262,204047,30.58,2,High Value
C0956,Dealer,Erode,892,10,91,13,1079238,10,86176,101119,17.34,5,High Value
C0957,Contractor,Salem,214,4,59,6,231580,1,25000,23555,-5.78,3,Low Value
C0958,Dealer,Coimbatore,217,1,216,8,367011,3,36270,33931,-6.45,2,Low Value
C0959,Dealer,Salem,587,9,56,14,681755,2,32300,33818,4.7,3,Low Value
C0960,Contractor,Tirunelveli,608,5,130,7,630540,1,63396,69108,9.01,4,Regular
C0961,Dealer,Madurai,609,11,51,3,754517,5,35312,34849,-1.31,3,Regular
C0962,Contractor,Coimbatore,391,1,300,8,372411,8,126046,136004,7.9,1,Low Value
C0963,Dealer,Dindigul,420,6,69,14,452516,2,25000,23978,-4.09,0,Low Value
C0964,Dealer,Coimbatore,539,7,70,15,412576,1,30135,31190,3.5,7,Low Value
C0965,Dealer,Chennai,472,4,115,3,494445,2,53617,55976,4.4,2,Low Value
C0966,Dealer,Chennai,133,2,69,13,154454,4,25000,23082,-7.67,4,Low Value
C0967,Contractor,Trichy,397,7,60,7,434532,4,25000,23950,-4.2,0,Low Value
C0968,Dealer,Coimbatore,282,1,275,20,376725,5,74964,72280,-3.58,1,Low Value
C0969,Contractor,Coimbatore,496,7,67,3,659636,6,30080,35482,17.96,2,Regular
C0970,Contractor,Madurai,1800,16,121,12,1824863,5,172156,213577,24.06,1,Regular
C0971,Contractor,Madurai,551,5,114,6,722800,8,67259,80583,19.81,0,Regular
C0972,Retailer,Dindigul,379,8,64,5,562217,2,27070,27178,0.4,1,Low Value
C0973,Contractor,Trichy,747,8,103,15,770543,4,80991,88726,9.55,1,Regular
C0974,Dealer,Chennai,587,5,127,16,578407,7,80436,79640,-0.99,1,Low Value
C0975,Dealer,Trichy,567,6,83,1,666489,6,39371,40599,3.12,1,Regular
C0976,Dealer,Erode,628,12,58,15,821652,14,31158,33227,6.64,3,Regular
C0977,Contractor,Trichy,1395,13,107,7,1584491,2,124399,145696,17.12,2,High Value
C0978,Dealer,Coimbatore,242,1,238,8,435641,7,60823,60172,-1.07,7,Low Value
C0979,Contractor,Dindigul,584,10,60,3,626423,3,39566,41402,4.64,2,Regular
C0980,Contractor,Dindigul,270,7,46,12,376259,3,25000,27962,11.85,1,Low Value
C0981,Dealer,Trichy,611,7,91,30,758872,9,61305,59570,-2.83,5,Low Value
C0982,Retailer,Tirunelveli,272,1,265,5,446360,5,72475,73642,1.61,2,Low Value
C0983,Dealer,Chennai,358,8,51,17,587976,6,25000,25683,2.73,1,Low Value
C0984,Dealer,Chennai,383,8,43,8,488885,3,25000,23658,-5.37,2,Low Value
C0985,Contractor,Madurai,770,10,79,5,699017,3,47455,55081,16.07,2,High Value
C0986,Contractor,Madurai,746,7,104,2,673228,1,59164,63767,7.78,3,Regular
C0987,Contractor,Salem,227,3,74,19,336666,5,25000,20000,-20.07,3,Low Value
C0988,Contractor,Chennai,464,5,99,8,570467,2,42508,45989,8.19,1,Regular
C0989,Dealer,Coimbatore,305,4,68,6,250408,4,25000,23320,-6.72,1,Low Value
C0990,Retailer,Salem,225,6,53,6,343598,8,25000,23348,-6.61,4,Low Value
C0991,Retailer,Tirunelveli,399,6,52,13,561897,1,25000,26422,5.69,3,Low Value
C0992,Contractor,Madurai,380,2,185,6,283853,20,66107,70027,5.93,2,Low Value
C0993,Dealer,Salem,1709,20,88,4,1900250,3,141113,195766,38.73,3,High Value
C0994,Contractor,Madurai,571,7,86,7,599046,4,44459,51261,15.3,3,Regular
C0995,Dealer,Tirunelveli,211,4,52,7,453264,6,25000,23752,-4.99,1,Low Value
C0996,Dealer,Salem,330,7,47,7,375486,3,25000,26670,6.68,3,Low Value
C0997,Retailer,Erode,789,7,116,6,706455,3,90742,96386,6.22,0,Regular
C0998,Dealer,Madurai,1419,17,82,18,1430174,9,128949,181921,41.08,1,High Value
C0999,Retailer,Madurai,188,1,199,37,235382,8,41022,36702,-10.53,4,Low Value
C1000,Contractor,Trichy,160,1,167,3,176382,4,29557,31212,5.6,2,Low Value
